adjacent_lower_tolerance,adjacent_upper_tolerance,breakout_anchor_difference,detection_shift,invalidation_anchor_difference,lineage_class,lower_first_detected_index,lower_lifecycle_ordinal,lower_terminal_index,lower_tolerance,market,root_swing_identity_sha256,symbol,terminal_shift,upper_first_detected_index,upper_lifecycle_ordinal,upper_terminal_index,upper_tolerance
0.03,0.04,0.0,0,0.0,SAME_ROOT_SAME_TERMINAL,128,1,129,0.03,CN,sha256:a589c9bf1d2a25d60403fa4dbead20ea491a65d9bcd349615cfdde9f11d91a62,000681.SZ,0,128,1,129,0.04
0.03,0.04,0.0,0,0.0,SAME_ROOT_SAME_TERMINAL,898,2,899,0.03,CN,sha256:9a5f71374fffd84036fc7b412375bfb8991679a5f99729d5ba04405fd3f7bf5a,000681.SZ,0,898,3,899,0.04
0.03,0.04,0.0,0,0.0,SAME_ROOT_SAME_TERMINAL,1474,3,1474,0.03,CN,sha256:402d739f198ea3c90ddf9530fd1a83886b9104e2259f383c494e58dc96c9f01d,000681.SZ,0,1474,5,1474,0.04
0.03,0.04,0.0,0,0.0,SAME_ROOT_SAME_TERMINAL,1865,4,1873,0.03,CN,sha256:159c0a2ef63553bc4d82e7803a37e6cc1f72b3b6c8b440a782e27e5cd459708e,000681.SZ,0,1865,6,1873,0.04
0.03,0.04,,,,ADDED_LIFECYCLE,,,,,CN,sha256:f5812598213c437726ee12e55c9b9864edce44b9024fc7ef31cd321c55ef5cd1,000681.SZ,,715,2,716,0.04
0.03,0.04,,,,CASCADE_DESCENDANT,,,,,CN,sha256:665192fe5d8e51cb3f593717de1494e2554141ee78312593f89e61469c6092bd,000681.SZ,,1019,4,1021,0.04
0.04,0.05,,,,CASCADE_DESCENDANT,128,1,129,0.04,CN,sha256:a589c9bf1d2a25d60403fa4dbead20ea491a65d9bcd349615cfdde9f11d91a62,000681.SZ,,,,,
0.04,0.05,0.0,0,0.0,SAME_ROOT_SAME_TERMINAL,715,2,716,0.04,CN,sha256:f5812598213c437726ee12e55c9b9864edce44b9024fc7ef31cd321c55ef5cd1,000681.SZ,0,715,2,716,0.05
0.04,0.05,0.0,0,0.0,SAME_ROOT_SAME_TERMINAL,898,3,899,0.04,CN,sha256:9a5f71374fffd84036fc7b412375bfb8991679a5f99729d5ba04405fd3f7bf5a,000681.SZ,0,898,3,899,0.05
0.04,0.05,0.0,0,0.0,SAME_ROOT_SAME_TERMINAL,1019,4,1021,0.04,CN,sha256:665192fe5d8e51cb3f593717de1494e2554141ee78312593f89e61469c6092bd,000681.SZ,0,1019,4,1021,0.05
0.04,0.05,0.0,0,0.0,SAME_ROOT_SAME_TERMINAL,1474,5,1474,0.04,CN,sha256:402d739f198ea3c90ddf9530fd1a83886b9104e2259f383c494e58dc96c9f01d,000681.SZ,0,1474,5,1474,0.05
0.04,0.05,0.0,0,0.0,SAME_ROOT_SAME_TERMINAL,1865,6,1873,0.04,CN,sha256:159c0a2ef63553bc4d82e7803a37e6cc1f72b3b6c8b440a782e27e5cd459708e,000681.SZ,0,1865,7,1873,0.05
0.04,0.05,,,,ADDED_LIFECYCLE,,,,,CN,sha256:6822a392ace5c936306e32feab7b025b9a7d796997eec13814b0bdabecd340bc,000681.SZ,,118,1,128,0.05
0.04,0.05,,,,CASCADE_DESCENDANT,,,,,CN,sha256:2dfb592f1f1aed2f4df1ec2b0a4b5eb8d4d79e73d51027ae5df1556d8e626ee8,000681.SZ,,1547,6,1565,0.05
0.04,0.05,,,,CASCADE_DESCENDANT,,,,,CN,sha256:2fcee5248d2b719d790f1e2a55981d4eebf83ab818b7db6fc6cdf33ce04055b9,000681.SZ,,2078,8,2082,0.05
0.03,0.04,0.0,0,0.0,SAME_ROOT_SAME_TERMINAL,690,1,697,0.03,CN,sha256:8bd0798e47c1f95ffaad89a23261145346a3bd12bbdbdc343417727f44f2977f,000923.SZ,0,690,1,697,0.04
0.03,0.04,0.0,0,0.0,SAME_ROOT_SAME_TERMINAL,792,2,804,0.03,CN,sha256:a2c709ad7747a92c41f34052d09dfbf2d756198baca81adcb7871b2ede7f7b70,000923.SZ,0,792,2,804,0.04
0.03,0.04,,,,CASCADE_DESCENDANT,2049,3,2057,0.03,CN,sha256:e1d7e8b56423cdfe8899e38c44b3e2780d31930744014c89be4a87a8dc0e2959,000923.SZ,,,,,
0.03,0.04,0.0,0,0.0,SAME_ROOT_SAME_TERMINAL,2178,4,2180,0.03,CN,sha256:f14a0f29d51c5191d6a2ee2f7cd68ebc9f5fbb5311b50d17a3696b39b84fa6c4,000923.SZ,0,2178,6,2180,0.04
0.03,0.04,,,,ADDED_LIFECYCLE,,,,,CN,sha256:68a7481701b487c36a5cb7e84b20937cb146595e1c329402e5dfca2602c97c10,000923.SZ,,1744,3,1748,0.04
0.03,0.04,,,,CASCADE_DESCENDANT,,,,,CN,sha256:e414f7119f308346893c4286b23ac9cfc82a28c4ffdd2d72f548a447053c866a,000923.SZ,,1986,4,1988,0.04
0.03,0.04,,,,CASCADE_DESCENDANT,,,,,CN,sha256:fc7a870e7dd4be9877b13cc597fb7c4c89b0645bfa5d4e18b8fc6150e0e05b3b,000923.SZ,,2040,5,2057,0.04
0.04,0.05,0.0,0,0.0,SAME_ROOT_SAME_TERMINAL,690,1,697,0.04,CN,sha256:8bd0798e47c1f95ffaad89a23261145346a3bd12bbdbdc343417727f44f2977f,000923.SZ,0,690,2,697,0.05
0.04,0.05,0.0,0,0.0,SAME_ROOT_SAME_TERMINAL,792,2,804,0.04,CN,sha256:a2c709ad7747a92c41f34052d09dfbf2d756198baca81adcb7871b2ede7f7b70,000923.SZ,0,792,3,804,0.05
0.04,0.05,0.0,0,0.0,SAME_ROOT_SAME_TERMINAL,1744,3,1748,0.04,CN,sha256:68a7481701b487c36a5cb7e84b20937cb146595e1c329402e5dfca2602c97c10,000923.SZ,0,1744,4,1748,0.05
0.04,0.05,0.0,0,0.0,SAME_ROOT_SAME_TERMINAL,1986,4,1988,0.04,CN,sha256:e414f7119f308346893c4286b23ac9cfc82a28c4ffdd2d72f548a447053c866a,000923.SZ,0,1986,5,1988,0.05
0.04,0.05,0.0,0,0.0,SAME_ROOT_SAME_TERMINAL,2040,5,2057,0.04,CN,sha256:fc7a870e7dd4be9877b13cc597fb7c4c89b0645bfa5d4e18b8fc6150e0e05b3b,000923.SZ,0,2040,6,2057,0.05
0.04,0.05,0.0,0,0.0,SAME_ROOT_SAME_TERMINAL,2178,6,2180,0.04,CN,sha256:f14a0f29d51c5191d6a2ee2f7cd68ebc9f5fbb5311b50d17a3696b39b84fa6c4,000923.SZ,0,2178,8,2180,0.05
0.04,0.05,,,,ADDED_LIFECYCLE,,,,,CN,sha256:0e55a00e62488b673320281619858a81c9f72af37440131fc355e383ce8dc57a,000923.SZ,,499,1,522,0.05
0.04,0.05,,,,CASCADE_DESCENDANT,,,,,CN,sha256:8c40e63ec6d6a2a468d7f25a126777eacb66fcd76c5431c9c79c028d04300607,000923.SZ,,2098,7,2109,0.05
0.03,0.04,0.0,0,0.0,SAME_ROOT_SAME_TERMINAL,327,1,334,0.03,CN,sha256:303498633eb53321ee39d1ff93f3e208b99ad5e3f333ac9917adf5eb1e571206,001203.SZ,0,327,1,334,0.04
0.03,0.04,0.0,0,0.0,SAME_ROOT_SAME_TERMINAL,455,2,456,0.03,CN,sha256:2a7d81f75596edfd6c83ce1a4f27a866ce9af71c6c38e4751ceb4333a17b8491,001203.SZ,0,455,3,456,0.04
0.03,0.04,,,,CASCADE_DESCENDANT,615,3,627,0.03,CN,sha256:ae77b90cdcd1c51f7ab7ff18b200efc7e7065854f9637b946384c7ce8e464ffb,001203.SZ,,,,,
0.03,0.04,0.0,0,0.0,SAME_ROOT_SAME_TERMINAL,1082,4,1082,0.03,CN,sha256:5f0e4e8d75ed104fc9f45ead30cf94dc6576e39701185af26cb20ca78206763d,001203.SZ,0,1082,5,1082,0.04
0.03,0.04,,,,ADDED_LIFECYCLE,,,,,CN,sha256:fbc2f9d102c23e8b50de2443440bcef2fc70b8631811123d1188dc4f8cbe9727,001203.SZ,,395,2,398,0.04
0.03,0.04,,,,CASCADE_DESCENDANT,,,,,CN,sha256:d2ede47c48ee07e9e5b7da4545c63d9c1b6c0a9b93e8e3207754148600e83a9a,001203.SZ,,593,4,627,0.04
0.04,0.05,0.0,0,0.0,SAME_ROOT_SAME_TERMINAL,327,1,334,0.04,CN,sha256:303498633eb53321ee39d1ff93f3e208b99ad5e3f333ac9917adf5eb1e571206,001203.SZ,0,327,1,334,0.05
0.04,0.05,0.0,0,0.0,SAME_ROOT_SAME_TERMINAL,395,2,398,0.04,CN,sha256:fbc2f9d102c23e8b50de2443440bcef2fc70b8631811123d1188dc4f8cbe9727,001203.SZ,0,395,2,398,0.05
0.04,0.05,0.0,0,0.0,SAME_ROOT_SAME_TERMINAL,455,3,456,0.04,CN,sha256:2a7d81f75596edfd6c83ce1a4f27a866ce9af71c6c38e4751ceb4333a17b8491,001203.SZ,0,455,3,456,0.05
0.04,0.05,0.0,0,0.0,SAME_ROOT_SAME_TERMINAL,593,4,627,0.04,CN,sha256:d2ede47c48ee07e9e5b7da4545c63d9c1b6c0a9b93e8e3207754148600e83a9a,001203.SZ,0,593,4,627,0.05
0.04,0.05,0.0,0,0.0,SAME_ROOT_SAME_TERMINAL,1082,5,1082,0.04,CN,sha256:5f0e4e8d75ed104fc9f45ead30cf94dc6576e39701185af26cb20ca78206763d,001203.SZ,0,1082,5,1082,0.05
0.03,0.04,0.0,0,0.0,SAME_ROOT_SAME_TERMINAL,62,1,64,0.03,CN,sha256:ca916fadc7ec86273ec9e4a74e22d03db957a9dd95b997f5c3717a776a6da28d,001696.SZ,0,62,1,64,0.04
0.03,0.04,0.0,0,0.0,SAME_ROOT_SAME_TERMINAL,1583,2,1583,0.03,CN,sha256:138fed5409cd6f5e73fd868e7fc737eb352238f7e0c341fac85673ed9532156b,001696.SZ,0,1583,5,1583,0.04
0.03,0.04,0.0,0,0.0,SAME_ROOT_SAME_TERMINAL,1656,3,1657,0.03,CN,sha256:1a2854a498551f796653544c0ad2623329448ea414d138bdc07eb3433511a119,001696.SZ,0,1656,6,1657,0.04
0.03,0.04,0.0,0,0.0,SAME_ROOT_SAME_TERMINAL,1674,4,1713,0.03,CN,sha256:fdb34d060357944f7fbc9723a09d81fd00475f45f9002c4b1ca4c9bf8c337d8a,001696.SZ,0,1674,7,1713,0.04
0.03,0.04,0.0,0,0.0,SAME_ROOT_SAME_TERMINAL,2266,5,2267,0.03,CN,sha256:31b9b54d5cc51ef436377a1006287fd0168fdee645e0b3e0449a5b4c1a059866,001696.SZ,0,2266,9,2267,0.04
0.03,0.04,,,,ADDED_LIFECYCLE,,,,,CN,sha256:d9a4ed136d6b0445888336a005a6a412bc24f2f5d896c02278bf3861ee4d4e72,001696.SZ,,157,2,233,0.04
0.03,0.04,,,,CASCADE_DESCENDANT,,,,,CN,sha256:1f3e4f0d870f7b55711976237b790aeb1bc09cc6fec7df0874f422304ba7177e,001696.SZ,,957,3,968,0.04
0.03,0.04,,,,CASCADE_DESCENDANT,,,,,CN,sha256:b0b37cfa196a9c0a931228042218486e92ca5f6300fdda1245d378c05464a455,001696.SZ,,1197,4,1197,0.04
0.03,0.04,,,,CASCADE_DESCENDANT,,,,,CN,sha256:00bfdbe16828cee72547e5b8b23955075e8cf3b9158dd6dfea67692e76954d7a,001696.SZ,,2141,8,2147,0.04
0.04,0.05,0.0,0,0.0,SAME_ROOT_SAME_TERMINAL,62,1,64,0.04,CN,sha256:ca916fadc7ec86273ec9e4a74e22d03db957a9dd95b997f5c3717a776a6da28d,001696.SZ,0,62,1,64,0.05
0.04,0.05,,,,CASCADE_DESCENDANT,157,2,233,0.04,CN,sha256:d9a4ed136d6b0445888336a005a6a412bc24f2f5d896c02278bf3861ee4d4e72,001696.SZ,,,,,
0.04,0.05,0.0,0,0.0,SAME_ROOT_SAME_TERMINAL,957,3,968,0.04,CN,sha256:1f3e4f0d870f7b55711976237b790aeb1bc09cc6fec7df0874f422304ba7177e,001696.SZ,0,957,3,968,0.05
0.04,0.05,0.0,0,0.0,SAME_ROOT_SAME_TERMINAL,1197,4,1197,0.04,CN,sha256:b0b37cfa196a9c0a931228042218486e92ca5f6300fdda1245d378c05464a455,001696.SZ,0,1197,5,1197,0.05
0.04,0.05,0.0,0,0.0,SAME_ROOT_SAME_TERMINAL,1583,5,1583,0.04,CN,sha256:138fed5409cd6f5e73fd868e7fc737eb352238f7e0c341fac85673ed9532156b,001696.SZ,0,1583,7,1583,0.05
0.04,0.05,0.0,0,0.0,SAME_ROOT_SAME_TERMINAL,1656,6,1657,0.04,CN,sha256:1a2854a498551f796653544c0ad2623329448ea414d138bdc07eb3433511a119,001696.SZ,0,1656,8,1657,0.05
0.04,0.05,0.0,0,0.0,SAME_ROOT_SAME_TERMINAL,1674,7,1713,0.04,CN,sha256:fdb34d060357944f7fbc9723a09d81fd00475f45f9002c4b1ca4c9bf8c337d8a,001696.SZ,0,1674,9,1713,0.05
0.04,0.05,0.0,0,0.0,SAME_ROOT_SAME_TERMINAL,2141,8,2147,0.04,CN,sha256:00bfdbe16828cee72547e5b8b23955075e8cf3b9158dd6dfea67692e76954d7a,001696.SZ,0,2141,10,2147,0.05
0.04,0.05,0.0,0,0.0,SAME_ROOT_SAME_TERMINAL,2266,9,2267,0.04,CN,sha256:31b9b54d5cc51ef436377a1006287fd0168fdee645e0b3e0449a5b4c1a059866,001696.SZ,0,2266,11,2267,0.05
0.04,0.05,,,,ADDED_LIFECYCLE,,,,,CN,sha256:a9cd2b36e9ea8307e0ae51d4a7c9b57d1b12a35460dc5863ac0a651b8c6034be,001696.SZ,,140,2,233,0.05
0.04,0.05,,,,CASCADE_DESCENDANT,,,,,CN,sha256:4f2f509515f548c82c91f9ea77319b7d069a987af3ff0792a7e0c9c82493f187,001696.SZ,,1070,4,1078,0.05
0.04,0.05,,,,CASCADE_DESCENDANT,,,,,CN,sha256:3c06426a2512ff041005a3e19f1feebea37472aaa768926bdeb612480785b813,001696.SZ,,1521,6,1522,0.05
0.03,0.04,0.0,0,0.0,SAME_ROOT_SAME_TERMINAL,447,1,471,0.03,CN,sha256:4084f2f4143e0e80599f477b72cda7a48ce4267b1d6de3b9933d461ae4eba237,002120.SZ,0,447,2,471,0.04
0.03,0.04,,,,CASCADE_DESCENDANT,824,2,824,0.03,CN,sha256:4edab020bb8a86e675821ec921d25a49c727e6d33100b4e8c11975adeec2748b,002120.SZ,,,,,
0.03,0.04,0.0,0,0.0,SAME_ROOT_SAME_TERMINAL,1197,3,1199,0.03,CN,sha256:1e7e0576de554f6ae3cd4a914eebf114bcb03e1da657839954dea25c131d21e1,002120.SZ,0,1197,4,1199,0.04
0.03,0.04,0.0,0,0.0,SAME_ROOT_SAME_TERMINAL,1977,4,1994,0.03,CN,sha256:840dc12b5e48cc52cab4e20b642aa64f9df9946f79c897a72422f5357c137ed9,002120.SZ,0,1977,6,1994,0.04
0.03,0.04,0.0,0,0.0,SAME_ROOT_SAME_TERMINAL,2201,5,2219,0.03,CN,sha256:ecf4bbec8887f9f45f0e2016b07360c2f64197b2d2ca62c398f9a29c5c58b01d,002120.SZ,0,2201,7,2219,0.04
0.03,0.04,0.0,0,0.0,SAME_ROOT_SAME_TERMINAL,2234,6,2235,0.03,CN,sha256:588da430f9895d282307d2ff53b566af9229cc45a473630c7ff6cbb71bcb6a34,002120.SZ,0,2234,8,2235,0.04
0.03,0.04,,,,ADDED_LIFECYCLE,,,,,CN,sha256:f76b1ed995fc19dad4691673511a559effa85b65dc460d97de1c354678f33edc,002120.SZ,,142,1,157,0.04
0.03,0.04,,,,CASCADE_DESCENDANT,,,,,CN,sha256:b4f2418a77531bc22d6dd235054cbfad2850da38648e6f313f2309f70287f49b,002120.SZ,,815,3,818,0.04
0.03,0.04,,,,CASCADE_DESCENDANT,,,,,CN,sha256:372041eb4a85613cd8fa7a7e2a493eff1d7475095b8e339313b4b923de63ec0e,002120.SZ,,1777,5,1777,0.04
0.03,0.04,,,,CASCADE_DESCENDANT,,,,,CN,sha256:6f8972fee93b37ae76203c5ca424d39dbd2eebd5966419d3f79d01e201be8344,002120.SZ,,2265,9,2265,0.04
0.04,0.05,0.0,0,0.0,SAME_ROOT_SAME_TERMINAL,142,1,157,0.04,CN,sha256:f76b1ed995fc19dad4691673511a559effa85b65dc460d97de1c354678f33edc,002120.SZ,0,142,2,157,0.05
0.04,0.05,0.0,0,0.0,SAME_ROOT_SAME_TERMINAL,447,2,471,0.04,CN,sha256:4084f2f4143e0e80599f477b72cda7a48ce4267b1d6de3b9933d461ae4eba237,002120.SZ,0,447,4,471,0.05
0.04,0.05,0.0,0,0.0,SAME_ROOT_SAME_TERMINAL,815,3,818,0.04,CN,sha256:b4f2418a77531bc22d6dd235054cbfad2850da38648e6f313f2309f70287f49b,002120.SZ,0,815,6,818,0.05
0.04,0.05,0.0,0,0.0,SAME_ROOT_SAME_TERMINAL,1197,4,1199,0.04,CN,sha256:1e7e0576de554f6ae3cd4a914eebf114bcb03e1da657839954dea25c131d21e1,002120.SZ,0,1197,7,1199,0.05
0.04,0.05,0.0,0,0.0,SAME_ROOT_SAME_TERMINAL,1777,5,1777,0.04,CN,sha256:372041eb4a85613cd8fa7a7e2a493eff1d7475095b8e339313b4b923de63ec0e,002120.SZ,0,1777,9,1777,0.05
0.04,0.05,0.0,0,0.0,SAME_ROOT_SAME_TERMINAL,1977,6,1994,0.04,CN,sha256:840dc12b5e48cc52cab4e20b642aa64f9df9946f79c897a72422f5357c137ed9,002120.SZ,0,1977,10,1994,0.05
0.04,0.05,0.0,0,0.0,SAME_ROOT_SAME_TERMINAL,2201,7,2219,0.04,CN,sha256:ecf4bbec8887f9f45f0e2016b07360c2f64197b2d2ca62c398f9a29c5c58b01d,002120.SZ,0,2201,11,2219,0.05
0.04,0.05,0.0,0,0.0,SAME_ROOT_SAME_TERMINAL,2234,8,2235,0.04,CN,sha256:588da430f9895d282307d2ff53b566af9229cc45a473630c7ff6cbb71bcb6a34,002120.SZ,0,2234,12,2235,0.05
0.04,0.05,0.0,0,0.0,SAME_ROOT_SAME_TERMINAL,2265,9,2265,0.04,CN,sha256:6f8972fee93b37ae76203c5ca424d39dbd2eebd5966419d3f79d01e201be8344,002120.SZ,0,2265,13,2265,0.05
0.04,0.05,,,,ADDED_LIFECYCLE,,,,,CN,sha256:1c2691a0257a90dcd73a5274b894e1ae790a5192a5f44b9789d05b12b419c670,002120.SZ,,102,1,107,0.05
0.04,0.05,,,,CASCADE_DESCENDANT,,,,,CN,sha256:4d72213c1ea045fd03e21fd6ac5c9dbea45ca3fb381887dc16dd8d4e9d7e729f,002120.SZ,,192,3,192,0.05
0.04,0.05,,,,CASCADE_DESCENDANT,,,,,CN,sha256:6c087059587cbe218b0305e7e1255fd17927186c3b6cc8e2beb9491d3f05a31e,002120.SZ,,588,5,597,0.05
0.04,0.05,,,,CASCADE_DESCENDANT,,,,,CN,sha256:c76b37994954f51ddb975d7eee259380f7691e69d59f50c6f1af5f591ee5858f,002120.SZ,,1546,8,1560,0.05
0.03,0.04,0.0,0,0.0,SAME_ROOT_SAME_TERMINAL,266,1,267,0.03,CN,sha256:064025c78479e1d4bdb4a657d7dd6cd96ac461d7e344bc5ff3074b76e52eecac,002215.SZ,0,266,2,267,0.04
0.03,0.04,,,,CASCADE_DESCENDANT,690,2,691,0.03,CN,sha256:a137c35b74c94b04bf4295fdf6fb44da1a18b256ae838cf60b3fed58f4cb6efa,002215.SZ,,,,,
0.03,0.04,0.0,0,0.0,SAME_ROOT_SAME_TERMINAL,965,3,968,0.03,CN,sha256:5a3a586be6a00d16d742a54b22540c60ab511b859e9845ab4c437317c200e2be,002215.SZ,0,965,6,968,0.04
0.03,0.04,,,,CASCADE_DESCENDANT,996,4,997,0.03,CN,sha256:59965e0e52e0b9702a39985b9e151a7956de6c9e844bf33905b65a5e357a890c,002215.SZ,,,,,
0.03,0.04,0.0,0,0.0,SAME_ROOT_SAME_TERMINAL,1938,5,1938,0.03,CN,sha256:e66a124d2f74e267ad064d4e2e1f72171eb16bd34e5c5b4417fbbf382be61326,002215.SZ,0,1938,10,1938,0.04
0.03,0.04,,,,ADDED_LIFECYCLE,,,,,CN,sha256:99a4c7a8e48369ced37be2750b6a097c6c6fbd5de9612f37f5377f553fb78674,002215.SZ,,185,1,192,0.04
0.03,0.04,,,,CASCADE_DESCENDANT,,,,,CN,sha256:54760b3b0ce5faf76cf2d735f7191e43506128181714e7cd4043e24e92a2f54e,002215.SZ,,689,3,690,0.04
0.03,0.04,,,,CASCADE_DESCENDANT,,,,,CN,sha256:72c605682b9aebb685a9a31b9453dc8caad2c82003830469587200c92ad626a4,002215.SZ,,842,4,853,0.04
0.03,0.04,,,,CASCADE_DESCENDANT,,,,,CN,sha256:11189507827f5afceba6322b2bce0a008dada74b7eeb9c7408774617265b2b0d,002215.SZ,,889,5,909,0.04
0.03,0.04,,,,CASCADE_DESCENDANT,,,,,CN,sha256:4be2ae5b0977056d9b93973476d9f6034f7cff810d50f2447df262a70fe2f53c,002215.SZ,,990,7,991,0.04
0.03,0.04,,,,CASCADE_DESCENDANT,,,,,CN,sha256:ef95f079824cbce86968a0b436318c50209258b5774d8c61c332834a0409ca5b,002215.SZ,,1062,8,1093,0.04
0.03,0.04,,,,CASCADE_DESCENDANT,,,,,CN,sha256:368d8cd14d63819951d4cab24a7044be549d2712cfda0e580c351f1c131965e9,002215.SZ,,1439,9,1477,0.04
0.04,0.05,0.0,0,0.0,SAME_ROOT_SAME_TERMINAL,185,1,192,0.04,CN,sha256:99a4c7a8e48369ced37be2750b6a097c6c6fbd5de9612f37f5377f553fb78674,002215.SZ,0,185,1,192,0.05
0.04,0.05,0.0,0,0.0,SAME_ROOT_SAME_TERMINAL,266,2,267,0.04,CN,sha256:064025c78479e1d4bdb4a657d7dd6cd96ac461d7e344bc5ff3074b76e52eecac,002215.SZ,0,266,2,267,0.05
0.04,0.05,0.0,0,0.0,SAME_ROOT_SAME_TERMINAL,689,3,690,0.04,CN,sha256:54760b3b0ce5faf76cf2d735f7191e43506128181714e7cd4043e24e92a2f54e,002215.SZ,0,689,3,690,0.05
0.04,0.05,0.0,0,0.0,SAME_ROOT_SAME_TERMINAL,842,4,853,0.04,CN,sha256:72c605682b9aebb685a9a31b9453dc8caad2c82003830469587200c92ad626a4,002215.SZ,0,842,4,853,0.05
0.04,0.05,0.0,0,0.0,SAME_ROOT_SAME_TERMINAL,889,5,909,0.04,CN,sha256:11189507827f5afceba6322b2bce0a008dada74b7eeb9c7408774617265b2b0d,002215.SZ,0,889,5,909,0.05
0.04,0.05,0.0,0,0.0,SAME_ROOT_SAME_TERMINAL,965,6,968,0.04,CN,sha256:5a3a586be6a00d16d742a54b22540c60ab511b859e9845ab4c437317c200e2be,002215.SZ,0,965,6,968,0.05
0.04,0.05,,,,CASCADE_DESCENDANT,990,7,991,0.04,CN,sha256:4be2ae5b0977056d9b93973476d9f6034f7cff810d50f2447df262a70fe2f53c,002215.SZ,,,,,
0.04,0.05,,,,CASCADE_DESCENDANT,1062,8,1093,0.04,CN,sha256:ef95f079824cbce86968a0b436318c50209258b5774d8c61c332834a0409ca5b,002215.SZ,,,,,
0.04,0.05,0.0,0,0.0,SAME_ROOT_SAME_TERMINAL,1439,9,1477,0.04,CN,sha256:368d8cd14d63819951d4cab24a7044be549d2712cfda0e580c351f1c131965e9,002215.SZ,0,1439,9,1477,0.05
0.04,0.05,0.0,0,0.0,SAME_ROOT_SAME_TERMINAL,1938,10,1938,0.04,CN,sha256:e66a124d2f74e267ad064d4e2e1f72171eb16bd34e5c5b4417fbbf382be61326,002215.SZ,0,1938,10,1938,0.05
0.04,0.05,,,,ADDED_LIFECYCLE,,,,,CN,sha256:055c4bbaa19cb187cf871de24f3f0298e3cf3b72dabc514b3c72c2a394861675,002215.SZ,,986,7,987,0.05
0.04,0.05,,,,CASCADE_DESCENDANT,,,,,CN,sha256:de98a4e672494e38399a05901035cfd6b1fe63e76333d61863692d6377b85153,002215.SZ,,1037,8,1093,0.05
0.03,0.04,,,,CASCADE_DESCENDANT,346,1,351,0.03,CN,sha256:99edee8c8a6f3e8cb2db71e3cf097fe9067436092faa0b2f4054d523e5992173,002352.SZ,,,,,
0.03,0.04,0.0,0,0.0,SAME_ROOT_SAME_TERMINAL,516,2,516,0.03,CN,sha256:1b67c1ab8781772b408a875e7fc4fb6d440d4b0e08e0e5f4a4ddc2b3cf5588de,002352.SZ,0,516,4,516,0.04
0.03,0.04,0.0,0,0.0,SAME_ROOT_SAME_TERMINAL,685,3,714,0.03,CN,sha256:bea399359422c7ae2106b8a493d3861cd48ebef23b62212b14fddfb7a017200e,002352.SZ,0,685,5,714,0.04
0.03,0.04,0.0,0,0.0,SAME_ROOT_SAME_TERMINAL,1489,4,1490,0.03,CN,sha256:d535e6e7b36adb602fa549f5444c3fbdfbc7f36e97897bbca3b680411814a8c4,002352.SZ,0,1489,8,1490,0.04
0.03,0.04,0.0,0,0.0,SAME_ROOT_SAME_TERMINAL,1679,5,1679,0.03,CN,sha256:a8532f672ad7d31ea481b35816010ffcbed1a38a16cd291afda9ad5b5e0019be,002352.SZ,0,1679,9,1679,0.04
0.03,0.04,0.0,0,0.0,SAME_ROOT_SAME_TERMINAL,1700,6,1701,0.03,CN,sha256:5a6e9199b72d058b0968780c243154b919566e9475e683d5a97e6e83c5b94354,002352.SZ,0,1700,10,1701,0.04
0.03,0.04,0.0,0,0.0,SAME_ROOT_SAME_TERMINAL,1858,7,1860,0.03,CN,sha256:5dcc71a97d553c23479bab5f88b398afa3cc7dbefb0f8b55f638d0fd8c580240,002352.SZ,0,1858,11,1860,0.04
0.03,0.04,0.0,0,0.0,SAME_ROOT_SAME_TERMINAL,2105,8,2106,0.03,CN,sha256:af542ad33687a1ce79f013cb672518e2a93bd2670d8e19651b9d31850925e437,002352.SZ,0,2105,13,2106,0.04
0.03,0.04,0.0,0,0.0,SAME_ROOT_SAME_TERMINAL,2150,9,2157,0.03,CN,sha256:89e7ffe1c1a286606a3434b18b6d48c0fa031ccc8287b60ccdf12f20f4e5541f,002352.SZ,0,2150,14,2157,0.04
0.03,0.04,,,,ADDED_LIFECYCLE,,,,,CN,sha256:71d5d46f1775e745bc1b79f28187d48b021756008b73cb1857d83693a8b342d9,002352.SZ,,266,1,268,0.04
0.03,0.04,,,,CASCADE_DESCENDANT,,,,,CN,sha256:d71ec1f8c81a1ddf4124c718b158d10a900501bedd30948accac470163f35e0a,002352.SZ,,315,2,351,0.04
0.03,0.04,,,,CASCADE_DESCENDANT,,,,,CN,sha256:21268b24b10f68ec99a0462e871bda42dab412e7cb02c201de69c6846f1c53d4,002352.SZ,,478,3,479,0.04
0.03,0.04,,,,CASCADE_DESCENDANT,,,,,CN,sha256:6f0a276ddd9001a0913be3f8dfa4c84986358563754f6a863002b10ba2ceb70a,002352.SZ,,819,6,821,0.04
0.03,0.04,,,,CASCADE_DESCENDANT,,,,,CN,sha256:056e251ef305423f009077038fd30bbad3681003878f91d7804edd80a79f0778,002352.SZ,,1401,7,1423,0.04
0.03,0.04,,,,CASCADE_DESCENDANT,,,,,CN,sha256:34149e151aef81591965164ad5afeb8c91ff2c5a3bac3dd0ba3398baa4840aa7,002352.SZ,,1977,12,1979,0.04
0.04,0.05,0.0,0,0.0,SAME_ROOT_SAME_TERMINAL,266,1,268,0.04,CN,sha256:71d5d46f1775e745bc1b79f28187d48b021756008b73cb1857d83693a8b342d9,002352.SZ,0,266,1,268,0.05
0.04,0.05,0.0,0,0.0,SAME_ROOT_SAME_TERMINAL,315,2,351,0.04,CN,sha256:d71ec1f8c81a1ddf4124c718b158d10a900501bedd30948accac470163f35e0a,002352.SZ,0,315,2,351,0.05
0.04,0.05,0.0,0,0.0,SAME_ROOT_SAME_TERMINAL,478,3,479,0.04,CN,sha256:21268b24b10f68ec99a0462e871bda42dab412e7cb02c201de69c6846f1c53d4,002352.SZ,0,478,3,479,0.05
0.04,0.05,0.0,0,0.0,SAME_ROOT_SAME_TERMINAL,516,4,516,0.04,CN,sha256:1b67c1ab8781772b408a875e7fc4fb6d440d4b0e08e0e5f4a4ddc2b3cf5588de,002352.SZ,0,516,4,516,0.05
0.04,0.05,0.0,0,0.0,SAME_ROOT_SAME_TERMINAL,685,5,714,0.04,CN,sha256:bea399359422c7ae2106b8a493d3861cd48ebef23b62212b14fddfb7a017200e,002352.SZ,0,685,5,714,0.05
0.04,0.05,0.0,0,0.0,SAME_ROOT_SAME_TERMINAL,819,6,821,0.04,CN,sha256:6f0a276ddd9001a0913be3f8dfa4c84986358563754f6a863002b10ba2ceb70a,002352.SZ,0,819,6,821,0.05
0.04,0.05,0.0,0,0.0,SAME_ROOT_SAME_TERMINAL,1401,7,1423,0.04,CN,sha256:056e251ef305423f009077038fd30bbad3681003878f91d7804edd80a79f0778,002352.SZ,0,1401,10,1423,0.05
0.04,0.05,0.0,0,0.0,SAME_ROOT_SAME_TERMINAL,1489,8,1490,0.04,CN,sha256:d535e6e7b36adb602fa549f5444c3fbdfbc7f36e97897bbca3b680411814a8c4,002352.SZ,0,1489,11,1490,0.05
0.04,0.05,0.0,0,0.0,SAME_ROOT_SAME_TERMINAL,1679,9,1679,0.04,CN,sha256:a8532f672ad7d31ea481b35816010ffcbed1a38a16cd291afda9ad5b5e0019be,002352.SZ,0,1679,12,1679,0.05
0.04,0.05,0.0,0,0.0,SAME_ROOT_SAME_TERMINAL,1700,10,1701,0.04,CN,sha256:5a6e9199b72d058b0968780c243154b919566e9475e683d5a97e6e83c5b94354,002352.SZ,0,1700,13,1701,0.05
0.04,0.05,0.0,0,0.0,SAME_ROOT_SAME_TERMINAL,1858,11,1860,0.04,CN,sha256:5dcc71a97d553c23479bab5f88b398afa3cc7dbefb0f8b55f638d0fd8c580240,002352.SZ,0,1858,14,1860,0.05
0.04,0.05,0.0,0,0.0,SAME_ROOT_SAME_TERMINAL,1977,12,1979,0.04,CN,sha256:34149e151aef81591965164ad5afeb8c91ff2c5a3bac3dd0ba3398baa4840aa7,002352.SZ,0,1977,15,1979,0.05
0.04,0.05,0.0,0,0.0,SAME_ROOT_SAME_TERMINAL,2105,13,2106,0.04,CN,sha256:af542ad33687a1ce79f013cb672518e2a93bd2670d8e19651b9d31850925e437,002352.SZ,0,2105,16,2106,0.05
0.04,0.05,0.0,0,0.0,SAME_ROOT_SAME_TERMINAL,2150,14,2157,0.04,CN,sha256:89e7ffe1c1a286606a3434b18b6d48c0fa031ccc8287b60ccdf12f20f4e5541f,002352.SZ,0,2150,17,2157,0.05
0.04,0.05,,,,ADDED_LIFECYCLE,,,,,CN,sha256:81928e74b0305b31ebf799d6d3fb75d4e04d2959390d0c9881b1098af3400357,002352.SZ,,1215,7,1217,0.05
0.04,0.05,,,,CASCADE_DESCENDANT,,,,,CN,sha256:3a4ddf6da0d159552a18278a2de09ba313ff30808964ca353749ff0bf5520913,002352.SZ,,1309,8,1330,0.05
0.04,0.05,,,,CASCADE_DESCENDANT,,,,,CN,sha256:29b8524294ee4501662c482bc25bc645a85cf35fdd6b840f4a18a30a0287ee68,002352.SZ,,1361,9,1362,0.05
0.03,0.04,0.0,0,0.0,SAME_ROOT_SAME_TERMINAL,230,1,239,0.03,CN,sha256:451a2e743e507aaebb7a02c2943cf9b60e98e6fff15befb5c0249adda8b98b4e,002407.SZ,0,230,1,239,0.04
0.03,0.04,0.0,0,0.0,SAME_ROOT_SAME_TERMINAL,421,2,422,0.03,CN,sha256:f2a3edd64fc2f55614ca49f61fed954a10deea8d3c31ac4fd587640ad1d68004,002407.SZ,0,421,4,422,0.04
0.03,0.04,0.0,0,0.0,SAME_ROOT_SAME_TERMINAL,679,3,680,0.03,CN,sha256:039851921a52b52c9646ff32f44e6fc2e7997c98cdd2f99ae5cac33ca73205eb,002407.SZ,0,679,5,680,0.04
0.03,0.04,0.0,0,0.0,SAME_ROOT_SAME_TERMINAL,843,4,851,0.03,CN,sha256:67168ef462c6794a0da4c9b069e29eab82c19ba646635d6f938ec475f1e0e6b9,002407.SZ,0,843,6,851,0.04
0.03,0.04,0.0,0,0.0,SAME_ROOT_SAME_TERMINAL,899,5,903,0.03,CN,sha256:4f7351c322bae1d8b2f3b49581c3d44ca13909593485f421ec928ba4b08888ab,002407.SZ,0,899,7,903,0.04
0.03,0.04,0.0,0,0.0,SAME_ROOT_SAME_TERMINAL,1932,6,1938,0.03,CN,sha256:2ba9ac7126770f095d9c684b3cd5cdb4be2a82acbf74a5d783603788585484fb,002407.SZ,0,1932,8,1938,0.04
0.03,0.04,0.0,0,0.0,SAME_ROOT_SAME_TERMINAL,2076,7,2076,0.03,CN,sha256:9ce150be4097851f294aa37d2e0c15104a97b618a8eb87f16744205b39b1140a,002407.SZ,0,2076,9,2076,0.04
0.03,0.04,,,,ADDED_LIFECYCLE,,,,,CN,sha256:395d8ef09326e9756637fbf16c6441b5988a2fadc733e1ad7523f4f7afd3d7b8,002407.SZ,,266,2,267,0.04
0.03,0.04,,,,CASCADE_DESCENDANT,,,,,CN,sha256:051773feed06b0947edcb65d5a40ea7ac28fca291ba4caa67c6442c0ee3d6b27,002407.SZ,,333,3,350,0.04
0.04,0.05,0.0,0,0.0,SAME_ROOT_SAME_TERMINAL,230,1,239,0.04,CN,sha256:451a2e743e507aaebb7a02c2943cf9b60e98e6fff15befb5c0249adda8b98b4e,002407.SZ,0,230,1,239,0.05
0.04,0.05,0.0,0,0.0,SAME_ROOT_SAME_TERMINAL,266,2,267,0.04,CN,sha256:395d8ef09326e9756637fbf16c6441b5988a2fadc733e1ad7523f4f7afd3d7b8,002407.SZ,0,266,2,267,0.05
0.04,0.05,0.0,0,0.0,SAME_ROOT_SAME_TERMINAL,333,3,350,0.04,CN,sha256:051773feed06b0947edcb65d5a40ea7ac28fca291ba4caa67c6442c0ee3d6b27,002407.SZ,0,333,3,350,0.05
0.04,0.05,0.0,0,0.0,SAME_ROOT_SAME_TERMINAL,421,4,422,0.04,CN,sha256:f2a3edd64fc2f55614ca49f61fed954a10deea8d3c31ac4fd587640ad1d68004,002407.SZ,0,421,4,422,0.05
0.04,0.05,0.0,0,0.0,SAME_ROOT_SAME_TERMINAL,679,5,680,0.04,CN,sha256:039851921a52b52c9646ff32f44e6fc2e7997c98cdd2f99ae5cac33ca73205eb,002407.SZ,0,679,6,680,0.05
0.04,0.05,,,,CASCADE_DESCENDANT,843,6,851,0.04,CN,sha256:67168ef462c6794a0da4c9b069e29eab82c19ba646635d6f938ec475f1e0e6b9,002407.SZ,,,,,
0.04,0.05,0.0,0,0.0,SAME_ROOT_SAME_TERMINAL,899,7,903,0.04,CN,sha256:4f7351c322bae1d8b2f3b49581c3d44ca13909593485f421ec928ba4b08888ab,002407.SZ,0,899,8,903,0.05
0.04,0.05,0.0,0,0.0,SAME_ROOT_SAME_TERMINAL,1932,8,1938,0.04,CN,sha256:2ba9ac7126770f095d9c684b3cd5cdb4be2a82acbf74a5d783603788585484fb,002407.SZ,0,1932,10,1938,0.05
0.04,0.05,0.0,0,0.0,SAME_ROOT_SAME_TERMINAL,2076,9,2076,0.04,CN,sha256:9ce150be4097851f294aa37d2e0c15104a97b618a8eb87f16744205b39b1140a,002407.SZ,0,2076,11,2076,0.05
0.04,0.05,,,,ADDED_LIFECYCLE,,,,,CN,sha256:939b7e0da96c82afd036decd6b8c3eaccfa33d7413cb3bcdfcd6d093aaf22bff,002407.SZ,,602,5,605,0.05
0.04,0.05,,,,CASCADE_DESCENDANT,,,,,CN,sha256:cb97147a18c1437a163d01493d56fd388821e9ee0546dd48cea37a31fcdea36e,002407.SZ,,834,7,853,0.05
0.04,0.05,,,,CASCADE_DESCENDANT,,,,,CN,sha256:5177fa02f4737f8e9322d0f845c7dea05e2ed65baf0d68ce24749b5cc3eec9e4,002407.SZ,,957,9,965,0.05
0.03,0.04,0.0,0,0.0,SAME_ROOT_SAME_TERMINAL,558,1,558,0.03,CN,sha256:3fe34ed62252fecf7e55d94ed5c753340b8878360a8f5bf2a006c30b6b997e41,002756.SZ,0,558,1,558,0.04
0.03,0.04,0.0,0,0.0,SAME_ROOT_SAME_TERMINAL,607,2,610,0.03,CN,sha256:731878ce00f19af4c5651b340e9d356cbd20b8b0b4a1fb4a163c71f7779fe640,002756.SZ,0,607,2,610,0.04
0.03,0.04,0.0,0,0.0,SAME_ROOT_SAME_TERMINAL,1662,3,1679,0.03,CN,sha256:b27d37cd8b908ddc6469002f6fb6d9fdefa761cf44f952de35936676588e32b7,002756.SZ,0,1662,3,1679,0.04
0.03,0.04,0.0,0,0.0,SAME_ROOT_SAME_TERMINAL,2130,4,2130,0.03,CN,sha256:f03e03093ef0362bb6a9d75368f4f240a53e1bce998c86f9d45d7c9622dfe18b,002756.SZ,0,2130,4,2130,0.04
0.03,0.04,0.0,0,0.0,SAME_ROOT_SAME_TERMINAL,2274,5,2275,0.03,CN,sha256:9d3c13209c10ef97c9600006a8401eb6d12b21bbc00c1e03f6a0b1a5729ef669,002756.SZ,0,2274,5,2275,0.04
0.04,0.05,0.0,0,0.0,SAME_ROOT_SAME_TERMINAL,558,1,558,0.04,CN,sha256:3fe34ed62252fecf7e55d94ed5c753340b8878360a8f5bf2a006c30b6b997e41,002756.SZ,0,558,3,558,0.05
0.04,0.05,0.0,0,0.0,SAME_ROOT_SAME_TERMINAL,607,2,610,0.04,CN,sha256:731878ce00f19af4c5651b340e9d356cbd20b8b0b4a1fb4a163c71f7779fe640,002756.SZ,0,607,4,610,0.05
0.04,0.05,0.0,0,0.0,SAME_ROOT_SAME_TERMINAL,1662,3,1679,0.04,CN,sha256:b27d37cd8b908ddc6469002f6fb6d9fdefa761cf44f952de35936676588e32b7,002756.SZ,0,1662,7,1679,0.05
0.04,0.05,0.0,0,0.0,SAME_ROOT_SAME_TERMINAL,2130,4,2130,0.04,CN,sha256:f03e03093ef0362bb6a9d75368f4f240a53e1bce998c86f9d45d7c9622dfe18b,002756.SZ,0,2130,8,2130,0.05
0.04,0.05,0.0,0,0.0,SAME_ROOT_SAME_TERMINAL,2274,5,2275,0.04,CN,sha256:9d3c13209c10ef97c9600006a8401eb6d12b21bbc00c1e03f6a0b1a5729ef669,002756.SZ,0,2274,9,2275,0.05
0.04,0.05,,,,ADDED_LIFECYCLE,,,,,CN,sha256:336db05e83389e34745497ad834030c079f29a58b4b676f95bba9fac88376074,002756.SZ,,104,1,241,0.05
0.04,0.05,,,,CASCADE_DESCENDANT,,,,,CN,sha256:6c88e17873d5a71004ac21658cc939728ba9f1828adecfdc747332e1d63cf247,002756.SZ,,477,2,484,0.05
0.04,0.05,,,,CASCADE_DESCENDANT,,,,,CN,sha256:52fd42ee757a895dfedb5562ec890e0e6d82128dc48d72ca9cd6bb0fac8019e8,002756.SZ,,832,5,832,0.05
0.04,0.05,,,,CASCADE_DESCENDANT,,,,,CN,sha256:77c4ef24b68384c892c224b9b1f876dbbb06e598ed0335ecdacc7b1e2df97341,002756.SZ,,1141,6,1141,0.05
0.03,0.04,0.0,0,0.0,SAME_ROOT_SAME_TERMINAL,300,1,332,0.03,CN,sha256:286197ffeb86800ead32e44f06b3b1a6744d667f44c8bfda176654cdb956052b,002768.SZ,0,300,1,332,0.04
0.03,0.04,,,,CASCADE_DESCENDANT,442,2,444,0.03,CN,sha256:3d5e9cc347a49a64397bcb89561d4e2d837a6fb7bd9cba7e12b854462383a6b6,002768.SZ,,,,,
0.03,0.04,0.0,0,0.0,SAME_ROOT_SAME_TERMINAL,912,3,913,0.03,CN,sha256:95134fbb4cfd1ad04c2cf23656b407081dcc70b9828366fd87a666428748760c,002768.SZ,0,912,3,913,0.04
0.03,0.04,0.0,0,0.0,SAME_ROOT_SAME_TERMINAL,958,4,964,0.03,CN,sha256:4407432f84a805312c1e10bf843aeff60f7e110b4c14c0cf3b6e6e6e2610e14d,002768.SZ,0,958,5,964,0.04
0.03,0.04,0.0,0,0.0,SAME_ROOT_SAME_TERMINAL,1078,5,1081,0.03,CN,sha256:ce6c8be58410c0b439829145af13f9a1853f3a36c3fb19cda9f283e42c47ac64,002768.SZ,0,1078,7,1081,0.04
0.03,0.04,0.0,0,0.0,SAME_ROOT_SAME_TERMINAL,1472,6,1524,0.03,CN,sha256:693d650c932e91832ecf7ed3eb2e3d6719799a8fd3c829af7fbb43c13f9f5b66,002768.SZ,0,1472,8,1524,0.04
0.03,0.04,0.0,0,0.0,SAME_ROOT_SAME_TERMINAL,1597,7,1597,0.03,CN,sha256:43d681f456bac14c69cd34b025c3acfaa5eefd568eb45b9c731667e5db713099,002768.SZ,0,1597,9,1597,0.04
0.03,0.04,0.0,0,0.0,SAME_ROOT_SAME_TERMINAL,1785,8,1785,0.03,CN,sha256:9df482e1c666b61e85601008cf1fc88192667fcc62f11a450ebfbd63f12d7f1b,002768.SZ,0,1785,10,1785,0.04
0.03,0.04,,,,ADDED_LIFECYCLE,,,,,CN,sha256:574fb653044457cc855751b87d119a4ba3ae79072ef1a4898178bbc791a3ff37,002768.SZ,,406,2,456,0.04
0.03,0.04,,,,CASCADE_DESCENDANT,,,,,CN,sha256:d66b5bf9a90c4a17bc4ac834137c1e58029a9fe3d7a4d8580e2097521a44b029,002768.SZ,,935,4,936,0.04
0.03,0.04,,,,CASCADE_DESCENDANT,,,,,CN,sha256:4b388835c2f4fee288a691ca00e75f6c80aac985ad9136cd2cf695e33b3b70dd,002768.SZ,,1042,6,1043,0.04
0.04,0.05,0.0,0,0.0,SAME_ROOT_SAME_TERMINAL,300,1,332,0.04,CN,sha256:286197ffeb86800ead32e44f06b3b1a6744d667f44c8bfda176654cdb956052b,002768.SZ,0,300,1,332,0.05
0.04,0.05,0.0,0,0.0,SAME_ROOT_SAME_TERMINAL,406,2,456,0.04,CN,sha256:574fb653044457cc855751b87d119a4ba3ae79072ef1a4898178bbc791a3ff37,002768.SZ,0,406,2,456,0.05
0.04,0.05,0.0,0,0.0,SAME_ROOT_SAME_TERMINAL,912,3,913,0.04,CN,sha256:95134fbb4cfd1ad04c2cf23656b407081dcc70b9828366fd87a666428748760c,002768.SZ,0,912,3,913,0.05
0.04,0.05,0.0,0,0.0,SAME_ROOT_SAME_TERMINAL,935,4,936,0.04,CN,sha256:d66b5bf9a90c4a17bc4ac834137c1e58029a9fe3d7a4d8580e2097521a44b029,002768.SZ,0,935,4,936,0.05
0.04,0.05,0.0,0,0.0,SAME_ROOT_SAME_TERMINAL,958,5,964,0.04,CN,sha256:4407432f84a805312c1e10bf843aeff60f7e110b4c14c0cf3b6e6e6e2610e14d,002768.SZ,0,958,5,964,0.05
0.04,0.05,0.0,0,0.0,SAME_ROOT_SAME_TERMINAL,1042,6,1043,0.04,CN,sha256:4b388835c2f4fee288a691ca00e75f6c80aac985ad9136cd2cf695e33b3b70dd,002768.SZ,0,1042,6,1043,0.05
0.04,0.05,,,,CASCADE_DESCENDANT,1078,7,1081,0.04,CN,sha256:ce6c8be58410c0b439829145af13f9a1853f3a36c3fb19cda9f283e42c47ac64,002768.SZ,,,,,
0.04,0.05,0.0,0,0.0,SAME_ROOT_SAME_TERMINAL,1472,8,1524,0.04,CN,sha256:693d650c932e91832ecf7ed3eb2e3d6719799a8fd3c829af7fbb43c13f9f5b66,002768.SZ,0,1472,8,1524,0.05
0.04,0.05,0.0,0,0.0,SAME_ROOT_SAME_TERMINAL,1597,9,1597,0.04,CN,sha256:43d681f456bac14c69cd34b025c3acfaa5eefd568eb45b9c731667e5db713099,002768.SZ,0,1597,9,1597,0.05
0.04,0.05,0.0,0,0.0,SAME_ROOT_SAME_TERMINAL,1785,10,1785,0.04,CN,sha256:9df482e1c666b61e85601008cf1fc88192667fcc62f11a450ebfbd63f12d7f1b,002768.SZ,0,1785,10,1785,0.05
0.04,0.05,,,,ADDED_LIFECYCLE,,,,,CN,sha256:bbea4e8b19083a5d516c6d22340c2979684d8d0bea1d1b8a690a76da8b190400,002768.SZ,,1065,7,1081,0.05
0.03,0.04,0.0,0,0.0,SAME_ROOT_SAME_TERMINAL,1045,1,1046,0.03,CN,sha256:b66b9e8528a93303177f052552442c9bc863c71831b7594d60f19776d4abc22d,002913.SZ,0,1045,2,1046,0.04
0.03,0.04,,,,CASCADE_DESCENDANT,1114,2,1138,0.03,CN,sha256:ecfd2a0b775008cb9376872f3156dd257a5e7de2f5442e1604563f321c3b33e2,002913.SZ,,,,,
0.03,0.04,0.0,0,0.0,SAME_ROOT_SAME_TERMINAL,1222,3,1226,0.03,CN,sha256:4e4876d433a347996e665efc9e7f061cb2e930997f973a729166d5db844aa8e1,002913.SZ,0,1222,4,1226,0.04
0.03,0.04,,,,ADDED_LIFECYCLE,,,,,CN,sha256:be052691464b55e9b89a8c1b2322c7c208614b50ee24b563f864e87718d8ce60,002913.SZ,,759,1,760,0.04
0.03,0.04,,,,CASCADE_DESCENDANT,,,,,CN,sha256:52d642fb7f4c0bcd093752d44f914777038f17f4cec7cf3cc7494753fb9d6a07,002913.SZ,,1104,3,1108,0.04
0.03,0.04,,,,CASCADE_DESCENDANT,,,,,CN,sha256:f86c7f962dcf4f934a5207ce6f3173141b45cb3794873607cd861fc3ef9ac13e,002913.SZ,,1981,5,1983,0.04
0.04,0.05,0.0,0,0.0,SAME_ROOT_SAME_TERMINAL,759,1,760,0.04,CN,sha256:be052691464b55e9b89a8c1b2322c7c208614b50ee24b563f864e87718d8ce60,002913.SZ,0,759,4,760,0.05
0.04,0.05,0.0,0,0.0,SAME_ROOT_SAME_TERMINAL,1045,2,1046,0.04,CN,sha256:b66b9e8528a93303177f052552442c9bc863c71831b7594d60f19776d4abc22d,002913.SZ,0,1045,6,1046,0.05
0.04,0.05,0.0,0,0.0,SAME_ROOT_SAME_TERMINAL,1104,3,1108,0.04,CN,sha256:52d642fb7f4c0bcd093752d44f914777038f17f4cec7cf3cc7494753fb9d6a07,002913.SZ,0,1104,7,1108,0.05
0.04,0.05,0.0,0,0.0,SAME_ROOT_SAME_TERMINAL,1222,4,1226,0.04,CN,sha256:4e4876d433a347996e665efc9e7f061cb2e930997f973a729166d5db844aa8e1,002913.SZ,0,1222,8,1226,0.05
0.04,0.05,0.0,0,0.0,SAME_ROOT_SAME_TERMINAL,1981,5,1983,0.04,CN,sha256:f86c7f962dcf4f934a5207ce6f3173141b45cb3794873607cd861fc3ef9ac13e,002913.SZ,0,1981,9,1983,0.05
0.04,0.05,,,,ADDED_LIFECYCLE,,,,,CN,sha256:ad883c447f8dd08d13a90ad5763bf9b689e080f53fa5ac72f3f0d4a30f8d3381,002913.SZ,,397,1,404,0.05
0.04,0.05,,,,CASCADE_DESCENDANT,,,,,CN,sha256:3169c7e182722cc388bb7049fc11bd93d0f5cd22b08a864d783487e6afbb6a5d,002913.SZ,,627,2,631,0.05
0.04,0.05,,,,CASCADE_DESCENDANT,,,,,CN,sha256:7e671708c5efa621dea6bc79a978966dc14ab5b8da9af09532d0af4d579cdd83,002913.SZ,,694,3,694,0.05
0.04,0.05,,,,CASCADE_DESCENDANT,,,,,CN,sha256:5a4afdcfbfc10e039ded26c03f43b874b1160f6a436e162d8d3c8d15692cf64a,002913.SZ,,896,5,896,0.05
0.04,0.05,,,,CASCADE_DESCENDANT,,,,,CN,sha256:b2efc0be2939c8a41d5172a7330bb0be910666338935530e49c777a9eecc7966,002913.SZ,,2069,10,2069,0.05
0.03,0.04,0.0,0,0.0,SAME_ROOT_SAME_TERMINAL,133,1,160,0.03,CN,sha256:ee310be0a186d06d3523deaf4b9ffa0437b0c8587d565f3714cfcd5e1a5fcbdb,600009.SH,0,133,1,160,0.04
0.03,0.04,0.0,0,0.0,SAME_ROOT_SAME_TERMINAL,488,2,503,0.03,CN,sha256:bd244f0514841158868c0e7ba9ce62116de3fecd674d17b695c41160b1d0551f,600009.SH,0,488,2,503,0.04
0.03,0.04,0.0,0,0.0,SAME_ROOT_SAME_TERMINAL,1004,3,1005,0.03,CN,sha256:eb1342956c1888cd88d541fb1ae4023991181be43e7b6e0fdab810359c611f2c,600009.SH,0,1004,4,1005,0.04
0.03,0.04,0.0,0,0.0,SAME_ROOT_SAME_TERMINAL,1034,4,1048,0.03,CN,sha256:8a8febda5c2ecc5dee72bdd185e881970277fd3fb874c995970cde891ef14630,600009.SH,0,1034,5,1048,0.04
0.03,0.04,0.0,0,0.0,SAME_ROOT_SAME_TERMINAL,1401,5,1414,0.03,CN,sha256:1fa0ade1dbb539461c6468da37b85348f3e324ea608e820df2628806239776c6,600009.SH,0,1401,6,1414,0.04
0.03,0.04,0.0,0,0.0,SAME_ROOT_SAME_TERMINAL,1597,6,1612,0.03,CN,sha256:dcfe987130f372dfd209f8c96d4f6871cc99547c2a35cfe2e587b1c5dffeb733,600009.SH,0,1597,8,1612,0.04
0.03,0.04,0.0,0,0.0,SAME_ROOT_SAME_TERMINAL,1780,7,1799,0.03,CN,sha256:3f03688f07994814f52b3512c8074c5697c01f39f3d64f97b807b92ab9bed185,600009.SH,0,1780,9,1799,0.04
0.03,0.04,0.0,0,0.0,SAME_ROOT_SAME_TERMINAL,1977,8,1984,0.03,CN,sha256:05e20e0feacd44945c102fac93e3b5f67f81dd6a448422572f1c56360e082740,600009.SH,0,1977,11,1984,0.04
0.03,0.04,0.0,0,0.0,SAME_ROOT_SAME_TERMINAL,2000,9,2003,0.03,CN,sha256:081664b471520c9ef411773b442b5f2dc03aee79229513f94788fef4d36255e8,600009.SH,0,2000,12,2003,0.04
0.03,0.04,0.0,0,0.0,SAME_ROOT_SAME_TERMINAL,2059,10,2060,0.03,CN,sha256:f5ec27983ab8063f7848c5f76ff31a4e1b4aeaeed649cd9a94bd883244a06830,600009.SH,0,2059,13,2060,0.04
0.03,0.04,,,,ADDED_LIFECYCLE,,,,,CN,sha256:7835d2db1e5e75da77fbc0b9581506a554587e074a24fd71b8c15875b1566445,600009.SH,,787,3,788,0.04
0.03,0.04,,,,CASCADE_DESCENDANT,,,,,CN,sha256:1941d3803234a9c20d3047a617ec1f5e4a28e7579ef74e8f8a09b6dac8ff1f33,600009.SH,,1439,7,1468,0.04
0.03,0.04,,,,CASCADE_DESCENDANT,,,,,CN,sha256:1087430f50156bd3564880f6d46995e27f6fb7ec03f747efbd88273421d748e6,600009.SH,,1932,10,1943,0.04
0.03,0.04,,,,CASCADE_DESCENDANT,,,,,CN,sha256:7aa6207c464453b3ede3260c47a2f2e3353c839691a44103e3f1972190fb9f0c,600009.SH,,2082,14,2099,0.04
0.04,0.05,,,,CASCADE_DESCENDANT,133,1,160,0.04,CN,sha256:ee310be0a186d06d3523deaf4b9ffa0437b0c8587d565f3714cfcd5e1a5fcbdb,600009.SH,,,,,
0.04,0.05,,,,CASCADE_DESCENDANT,488,2,503,0.04,CN,sha256:bd244f0514841158868c0e7ba9ce62116de3fecd674d17b695c41160b1d0551f,600009.SH,,,,,
0.04,0.05,0.0,0,0.0,SAME_ROOT_SAME_TERMINAL,787,3,788,0.04,CN,sha256:7835d2db1e5e75da77fbc0b9581506a554587e074a24fd71b8c15875b1566445,600009.SH,0,787,3,788,0.05
0.04,0.05,0.0,0,0.0,SAME_ROOT_SAME_TERMINAL,1004,4,1005,0.04,CN,sha256:eb1342956c1888cd88d541fb1ae4023991181be43e7b6e0fdab810359c611f2c,600009.SH,0,1004,4,1005,0.05
0.04,0.05,0.0,0,0.0,SAME_ROOT_SAME_TERMINAL,1034,5,1048,0.04,CN,sha256:8a8febda5c2ecc5dee72bdd185e881970277fd3fb874c995970cde891ef14630,600009.SH,0,1034,5,1048,0.05
0.04,0.05,0.0,0,0.0,SAME_ROOT_SAME_TERMINAL,1401,6,1414,0.04,CN,sha256:1fa0ade1dbb539461c6468da37b85348f3e324ea608e820df2628806239776c6,600009.SH,0,1401,6,1414,0.05
0.04,0.05,0.0,0,0.0,SAME_ROOT_SAME_TERMINAL,1439,7,1468,0.04,CN,sha256:1941d3803234a9c20d3047a617ec1f5e4a28e7579ef74e8f8a09b6dac8ff1f33,600009.SH,0,1439,7,1468,0.05
0.04,0.05,,,,CASCADE_DESCENDANT,1597,8,1612,0.04,CN,sha256:dcfe987130f372dfd209f8c96d4f6871cc99547c2a35cfe2e587b1c5dffeb733,600009.SH,,,,,
0.04,0.05,0.0,0,0.0,SAME_ROOT_SAME_TERMINAL,1780,9,1799,0.04,CN,sha256:3f03688f07994814f52b3512c8074c5697c01f39f3d64f97b807b92ab9bed185,600009.SH,0,1780,9,1799,0.05
0.04,0.05,0.0,0,0.0,SAME_ROOT_SAME_TERMINAL,1932,10,1943,0.04,CN,sha256:1087430f50156bd3564880f6d46995e27f6fb7ec03f747efbd88273421d748e6,600009.SH,0,1932,10,1943,0.05
0.04,0.05,0.0,0,0.0,SAME_ROOT_SAME_TERMINAL,1977,11,1984,0.04,CN,sha256:05e20e0feacd44945c102fac93e3b5f67f81dd6a448422572f1c56360e082740,600009.SH,0,1977,11,1984,0.05
0.04,0.05,0.0,0,0.0,SAME_ROOT_SAME_TERMINAL,2000,12,2003,0.04,CN,sha256:081664b471520c9ef411773b442b5f2dc03aee79229513f94788fef4d36255e8,600009.SH,0,2000,12,2003,0.05
0.04,0.05,0.0,0,0.0,SAME_ROOT_SAME_TERMINAL,2059,13,2060,0.04,CN,sha256:f5ec27983ab8063f7848c5f76ff31a4e1b4aeaeed649cd9a94bd883244a06830,600009.SH,0,2059,13,2060,0.05
0.04,0.05,0.0,0,0.0,SAME_ROOT_SAME_TERMINAL,2082,14,2099,0.04,CN,sha256:7aa6207c464453b3ede3260c47a2f2e3353c839691a44103e3f1972190fb9f0c,600009.SH,0,2082,14,2099,0.05
0.04,0.05,,,,ADDED_LIFECYCLE,,,,,CN,sha256:b5aadc0abb93c0b68ede407f01b2a34959b285c5dfc29028be95f36203433dfa,600009.SH,,127,1,167,0.05
0.04,0.05,,,,CASCADE_DESCENDANT,,,,,CN,sha256:d62c4c483d0db9a3e0e522f64f76616076b1403091ce3ada1a9900b3a8ba0074,600009.SH,,485,2,503,0.05
0.04,0.05,,,,CASCADE_DESCENDANT,,,,,CN,sha256:810c4272d60c5232eb0e0af6acdbcb1a438335811ba2f6e7c2b151f42a044794,600009.SH,,1585,8,1590,0.05
0.04,0.05,,,,CASCADE_DESCENDANT,,,,,CN,sha256:e51cd10d793bc3a9328c911a209655652f6c8652b36c242b99705e2087d20889,600009.SH,,2193,15,2206,0.05
0.03,0.04,0.0,0,0.0,SAME_ROOT_SAME_TERMINAL,595,1,596,0.03,CN,sha256:1f532ad8096dd26ba7ea2717c79b9f6d7b9701ced3439a719811fda8c4e53d98,600018.SH,0,595,3,596,0.04
0.03,0.04,0.0,0,0.0,SAME_ROOT_SAME_TERMINAL,753,2,754,0.03,CN,sha256:52f0e38dfe5279fd4abf1c8c465b87cf479c74dd4f9097e3a5d5a2a4c4110b72,600018.SH,0,753,5,754,0.04
0.03,0.04,0.0,0,0.0,SAME_ROOT_SAME_TERMINAL,812,3,813,0.03,CN,sha256:3a9a26ef61dc78191a1ba3493367ab4e658a03d24d6fad95cee3cf6420de30a3,600018.SH,0,812,6,813,0.04
0.03,0.04,,,,CASCADE_DESCENDANT,864,4,864,0.03,CN,sha256:1a76c34b4f4a5e67537a578b7de8c093f9c731e1a64f5da9fc01b723f624c0df,600018.SH,,,,,
0.03,0.04,0.0,0,0.0,SAME_ROOT_SAME_TERMINAL,1401,5,1410,0.03,CN,sha256:a37afbe9f342a7a1d3ad761c6e610536fdce4dfd087ed6b7df196cce86f03178,600018.SH,0,1401,10,1410,0.04
0.03,0.04,0.0,0,0.0,SAME_ROOT_SAME_TERMINAL,1483,6,1497,0.03,CN,sha256:b8affc29d40636f589ffd905bbbf5c600499928ec7eef65f8c3a69e97d5557e6,600018.SH,0,1483,11,1497,0.04
0.03,0.04,0.0,0,0.0,SAME_ROOT_SAME_TERMINAL,1636,7,1643,0.03,CN,sha256:2e97292c7de5da75c440f41d07d84f32183944d52d489dfa1307d229f0fcbc90,600018.SH,0,1636,13,1643,0.04
0.03,0.04,0.0,0,0.0,SAME_ROOT_SAME_TERMINAL,1688,8,1695,0.03,CN,sha256:0cde930fa72ef20e4439f6eb57638022fbbcfeff56eed34e1b2383107b1e7e08,600018.SH,0,1688,14,1695,0.04
0.03,0.04,0.0,0,0.0,SAME_ROOT_SAME_TERMINAL,1717,9,1717,0.03,CN,sha256:8e1f89faeaac89c1ad45a99095faedd20d2079981863a4de9bc4e2458e2542fd,600018.SH,0,1717,15,1717,0.04
0.03,0.04,,,,CASCADE_DESCENDANT,1753,10,1766,0.03,CN,sha256:338b8bb01944e38f303d76ace0ce5b7c67bd725da1ebeb1d65b5bb030a701bb0,600018.SH,,,,,
0.03,0.04,0.0,0,0.0,SAME_ROOT_SAME_TERMINAL,2064,11,2077,0.03,CN,sha256:7eea219c14990016fc15ce175cc58c4d9c96c65c3cda95193c2682d745ad7cd4,600018.SH,0,2064,17,2077,0.04
0.03,0.04,0.0,0,0.0,SAME_ROOT_SAME_TERMINAL,2101,12,2106,0.03,CN,sha256:fc466335b75e79e179db3962010eba74178c7d9ab5d550ca30e1ccfd1761cb0d,600018.SH,0,2101,18,2106,0.04
0.03,0.04,0.0,0,0.0,SAME_ROOT_SAME_TERMINAL,2172,13,2184,0.03,CN,sha256:1575963696c2f7ba006df05a1b7944251938d45911c2ef9d3a177053426e79f0,600018.SH,0,2172,20,2184,0.04
0.03,0.04,0.0,0,0.0,SAME_ROOT_SAME_TERMINAL,2240,14,2259,0.03,CN,sha256:c938da825d4480d12a20e3d074eefed7e7df7c94aacaa377cb3c0c26c689f7c7,600018.SH,0,2240,21,2259,0.04
0.03,0.04,,,,CASCADE_DESCENDANT,2301,15,2302,0.03,CN,sha256:1d90fba2d9ac41d36726ed9e2141d0b107ef4f67ac2cee0528f7dee7accbdc36,600018.SH,,,,,
0.03,0.04,,,,ADDED_LIFECYCLE,,,,,CN,sha256:d9b92f770799a953f583a1bb30b621e002273c8e40d12a0d0f4836575138a255,600018.SH,,409,1,410,0.04
0.03,0.04,,,,CASCADE_DESCENDANT,,,,,CN,sha256:25e52cc4047dc07ef5ace9b915ea586f0be05b80257313125a94887799ecdd29,600018.SH,,488,2,489,0.04
0.03,0.04,,,,CASCADE_DESCENDANT,,,,,CN,sha256:da0afc87fb29abe0aa3d46c69a26db3ab1a9c6e3ba5fb09afb572894e055e694,600018.SH,,695,4,696,0.04
0.03,0.04,,,,CASCADE_DESCENDANT,,,,,CN,sha256:7e70cc60766d3974a837e4a22be92bd808a7664480451ca3479fe2e697eacdc8,600018.SH,,851,7,851,0.04
0.03,0.04,,,,CASCADE_DESCENDANT,,,,,CN,sha256:7d111af75b52616f4eb20f2c6629af2d7fc9f31c74b27134b0565fb8a08dc3d1,600018.SH,,1046,8,1047,0.04
0.03,0.04,,,,CASCADE_DESCENDANT,,,,,CN,sha256:50f5147a18817fafe63383b8613f3566f85d23e208295b90b7df7fe7f6028ed8,600018.SH,,1125,9,1134,0.04
0.03,0.04,,,,CASCADE_DESCENDANT,,,,,CN,sha256:16fb2ee76ca155eede93e26a5343c7972a5c1e4082d7ec8f90476425c5bd6a68,600018.SH,,1508,12,1508,0.04
0.03,0.04,,,,CASCADE_DESCENDANT,,,,,CN,sha256:bf9396162f653fdfc9c532f9666842609fd266b66af5f6b2b0ea39acf4e11490,600018.SH,,1742,16,1766,0.04
0.03,0.04,,,,CASCADE_DESCENDANT,,,,,CN,sha256:08bd8b2d73aa767f04fb9a8bd71d4b6c0952c53e7173cf038c6f2d0fee6ac8b3,600018.SH,,2121,19,2123,0.04
0.03,0.04,,,,CASCADE_DESCENDANT,,,,,CN,sha256:4519377c6da68c8eb273b35a01848d07ea53e5f595e1e348fb3311ab40aaca81,600018.SH,,2296,22,2297,0.04
0.04,0.05,0.0,0,0.0,SAME_ROOT_SAME_TERMINAL,409,1,410,0.04,CN,sha256:d9b92f770799a953f583a1bb30b621e002273c8e40d12a0d0f4836575138a255,600018.SH,0,409,1,410,0.05
0.04,0.05,0.0,0,0.0,SAME_ROOT_SAME_TERMINAL,488,2,489,0.04,CN,sha256:25e52cc4047dc07ef5ace9b915ea586f0be05b80257313125a94887799ecdd29,600018.SH,0,488,2,489,0.05
0.04,0.05,0.0,0,0.0,SAME_ROOT_SAME_TERMINAL,595,3,596,0.04,CN,sha256:1f532ad8096dd26ba7ea2717c79b9f6d7b9701ced3439a719811fda8c4e53d98,600018.SH,0,595,3,596,0.05
0.04,0.05,0.0,0,0.0,SAME_ROOT_SAME_TERMINAL,695,4,696,0.04,CN,sha256:da0afc87fb29abe0aa3d46c69a26db3ab1a9c6e3ba5fb09afb572894e055e694,600018.SH,0,695,4,696,0.05
0.04,0.05,,,,CASCADE_DESCENDANT,753,5,754,0.04,CN,sha256:52f0e38dfe5279fd4abf1c8c465b87cf479c74dd4f9097e3a5d5a2a4c4110b72,600018.SH,,,,,
0.04,0.05,0.0,0,0.0,SAME_ROOT_SAME_TERMINAL,812,6,813,0.04,CN,sha256:3a9a26ef61dc78191a1ba3493367ab4e658a03d24d6fad95cee3cf6420de30a3,600018.SH,0,812,6,813,0.05
0.04,0.05,0.0,0,0.0,SAME_ROOT_SAME_TERMINAL,851,7,851,0.04,CN,sha256:7e70cc60766d3974a837e4a22be92bd808a7664480451ca3479fe2e697eacdc8,600018.SH,0,851,7,851,0.05
0.04,0.05,0.0,0,0.0,SAME_ROOT_SAME_TERMINAL,1046,8,1047,0.04,CN,sha256:7d111af75b52616f4eb20f2c6629af2d7fc9f31c74b27134b0565fb8a08dc3d1,600018.SH,0,1046,9,1047,0.05
0.04,0.05,0.0,0,0.0,SAME_ROOT_SAME_TERMINAL,1125,9,1134,0.04,CN,sha256:50f5147a18817fafe63383b8613f3566f85d23e208295b90b7df7fe7f6028ed8,600018.SH,0,1125,10,1134,0.05
0.04,0.05,0.0,0,0.0,SAME_ROOT_SAME_TERMINAL,1401,10,1410,0.04,CN,sha256:a37afbe9f342a7a1d3ad761c6e610536fdce4dfd087ed6b7df196cce86f03178,600018.SH,0,1401,13,1410,0.05
0.04,0.05,,,,CASCADE_DESCENDANT,1483,11,1497,0.04,CN,sha256:b8affc29d40636f589ffd905bbbf5c600499928ec7eef65f8c3a69e97d5557e6,600018.SH,,,,,
0.04,0.05,,,,CASCADE_DESCENDANT,1508,12,1508,0.04,CN,sha256:16fb2ee76ca155eede93e26a5343c7972a5c1e4082d7ec8f90476425c5bd6a68,600018.SH,,,,,
0.04,0.05,0.0,0,0.0,SAME_ROOT_SAME_TERMINAL,1636,13,1643,0.04,CN,sha256:2e97292c7de5da75c440f41d07d84f32183944d52d489dfa1307d229f0fcbc90,600018.SH,0,1636,15,1643,0.05
0.04,0.05,0.0,0,0.0,SAME_ROOT_SAME_TERMINAL,1688,14,1695,0.04,CN,sha256:0cde930fa72ef20e4439f6eb57638022fbbcfeff56eed34e1b2383107b1e7e08,600018.SH,0,1688,16,1695,0.05
0.04,0.05,0.0,0,0.0,SAME_ROOT_SAME_TERMINAL,1717,15,1717,0.04,CN,sha256:8e1f89faeaac89c1ad45a99095faedd20d2079981863a4de9bc4e2458e2542fd,600018.SH,0,1717,17,1717,0.05
0.04,0.05,0.0,0,0.0,SAME_ROOT_SAME_TERMINAL,1742,16,1766,0.04,CN,sha256:bf9396162f653fdfc9c532f9666842609fd266b66af5f6b2b0ea39acf4e11490,600018.SH,0,1742,18,1766,0.05
0.04,0.05,0.0,0,0.0,SAME_ROOT_SAME_TERMINAL,2064,17,2077,0.04,CN,sha256:7eea219c14990016fc15ce175cc58c4d9c96c65c3cda95193c2682d745ad7cd4,600018.SH,0,2064,20,2077,0.05
0.04,0.05,0.0,0,0.0,SAME_ROOT_SAME_TERMINAL,2101,18,2106,0.04,CN,sha256:fc466335b75e79e179db3962010eba74178c7d9ab5d550ca30e1ccfd1761cb0d,600018.SH,0,2101,21,2106,0.05
0.04,0.05,0.0,0,0.0,SAME_ROOT_SAME_TERMINAL,2121,19,2123,0.04,CN,sha256:08bd8b2d73aa767f04fb9a8bd71d4b6c0952c53e7173cf038c6f2d0fee6ac8b3,600018.SH,0,2121,22,2123,0.05
0.04,0.05,0.0,0,0.0,SAME_ROOT_SAME_TERMINAL,2172,20,2184,0.04,CN,sha256:1575963696c2f7ba006df05a1b7944251938d45911c2ef9d3a177053426e79f0,600018.SH,0,2172,23,2184,0.05
0.04,0.05,0.0,0,0.0,SAME_ROOT_SAME_TERMINAL,2240,21,2259,0.04,CN,sha256:c938da825d4480d12a20e3d074eefed7e7df7c94aacaa377cb3c0c26c689f7c7,600018.SH,0,2240,24,2259,0.05
0.04,0.05,0.0,0,0.0,SAME_ROOT_SAME_TERMINAL,2296,22,2297,0.04,CN,sha256:4519377c6da68c8eb273b35a01848d07ea53e5f595e1e348fb3311ab40aaca81,600018.SH,0,2296,25,2297,0.05
0.04,0.05,,,,ADDED_LIFECYCLE,,,,,CN,sha256:ae39906b620edafcc00d83e5d20236a74c3026247b4f2b0db99c0923df8552aa,600018.SH,,710,5,744,0.05
0.04,0.05,,,,CASCADE_DESCENDANT,,,,,CN,sha256:15407f29b166049e8f4e3408b61fe8014a080603be385159033556a0fd494e28,600018.SH,,887,8,910,0.05
0.04,0.05,,,,CASCADE_DESCENDANT,,,,,CN,sha256:275a4c8dbc8304663378f6844843561b1ee46cb0ff813736ce59591bd4aa6015,600018.SH,,1233,11,1237,0.05
0.04,0.05,,,,CASCADE_DESCENDANT,,,,,CN,sha256:9e240e2ef6d5ece4643ee7ee85c7c80bd589198a768d687eabec6609c53dd465,600018.SH,,1250,12,1257,0.05
0.04,0.05,,,,CASCADE_DESCENDANT,,,,,CN,sha256:c8f01afbb5ce8b2bc940f7fbca63f70009d1cfd62c3bcb7bc140578cd58d0b71,600018.SH,,1478,14,1528,0.05
0.04,0.05,,,,CASCADE_DESCENDANT,,,,,CN,sha256:16b3d98bf43be28d7b491cb7e15d26ff1424310b1d5804cd159a394e945fd3bf,600018.SH,,1965,19,1975,0.05
0.03,0.04,0.0,0,0.0,SAME_ROOT_SAME_TERMINAL,481,1,483,0.03,CN,sha256:590d3eb5d4059d878a5b5d0acb074172aecbeede2b1f266a2746e2c565b3dd35,600657.SH,0,481,1,483,0.04
0.03,0.04,0.0,0,0.0,SAME_ROOT_SAME_TERMINAL,848,2,848,0.03,CN,sha256:32b25f870315192de74685e94d45d0978ee1ce684376b198c8ed0e8d59dfbc0f,600657.SH,0,848,2,848,0.04
0.03,0.04,0.0,0,0.0,SAME_ROOT_SAME_TERMINAL,2203,3,2206,0.03,CN,sha256:1379e2444518cf4937f26c966c80d72e5018ed818dcd3775676be2b792e59785,600657.SH,0,2203,5,2206,0.04
0.03,0.04,,,,ADDED_LIFECYCLE,,,,,CN,sha256:0978daba5dbb86410f8877ba85e6a6ac6e7a604749d53615ffd7a606fa09ba39,600657.SH,,2002,3,2003,0.04
0.03,0.04,,,,CASCADE_DESCENDANT,,,,,CN,sha256:4a4e9cebc8e6230987e135cd59f60268a3018b9d1e9cce04cd47c4605953ffe2,600657.SH,,2089,4,2114,0.04
0.04,0.05,0.0,0,0.0,SAME_ROOT_SAME_TERMINAL,481,1,483,0.04,CN,sha256:590d3eb5d4059d878a5b5d0acb074172aecbeede2b1f266a2746e2c565b3dd35,600657.SH,0,481,2,483,0.05
0.04,0.05,0.0,0,0.0,SAME_ROOT_SAME_TERMINAL,848,2,848,0.04,CN,sha256:32b25f870315192de74685e94d45d0978ee1ce684376b198c8ed0e8d59dfbc0f,600657.SH,0,848,3,848,0.05
0.04,0.05,0.0,0,0.0,SAME_ROOT_SAME_TERMINAL,2002,3,2003,0.04,CN,sha256:0978daba5dbb86410f8877ba85e6a6ac6e7a604749d53615ffd7a606fa09ba39,600657.SH,0,2002,6,2003,0.05
0.04,0.05,,,,CASCADE_DESCENDANT,2089,4,2114,0.04,CN,sha256:4a4e9cebc8e6230987e135cd59f60268a3018b9d1e9cce04cd47c4605953ffe2,600657.SH,,,,,
0.04,0.05,0.0,0,0.0,SAME_ROOT_SAME_TERMINAL,2203,5,2206,0.04,CN,sha256:1379e2444518cf4937f26c966c80d72e5018ed818dcd3775676be2b792e59785,600657.SH,0,2203,9,2206,0.05
0.04,0.05,,,,ADDED_LIFECYCLE,,,,,CN,sha256:ec921607eee57b79e9bea599d734e842cc234a91f5ecea5e105eb5b47533c572,600657.SH,,399,1,400,0.05
0.04,0.05,,,,CASCADE_DESCENDANT,,,,,CN,sha256:494a1ccb51a3257985b1d8ad337e1f5b7d4e3b064531367b8ad365d38ac8efb3,600657.SH,,1254,4,1256,0.05
0.04,0.05,,,,CASCADE_DESCENDANT,,,,,CN,sha256:a2bc84d41f5e2043dcac3df73d701e29fffa3c31253d60564dce3911781de187,600657.SH,,1491,5,1502,0.05
0.04,0.05,,,,CASCADE_DESCENDANT,,,,,CN,sha256:8e885d4638d7399a8e67ab1c2d4d130681301291ff9fa9c2cb8bd6e5eb1fa676,600657.SH,,2075,7,2114,0.05
0.04,0.05,,,,CASCADE_DESCENDANT,,,,,CN,sha256:ef7255747f7f7b9e7fb621ab8ca798253b51469e04c5f40dcb6ec26bf6297cea,600657.SH,,2180,8,2181,0.05
0.04,0.05,,,,CASCADE_DESCENDANT,,,,,CN,sha256:9104ab1401dfd98776684cf8648a0e43657ebd57847571e1fb5ffd7f1fe5c89f,600657.SH,,2285,10,2287,0.05
0.03,0.04,0.0,0,0.0,SAME_ROOT_SAME_TERMINAL,599,1,628,0.03,CN,sha256:7a89ad0fdfb5de51ede181ad5415cf1dee3e378fed3e0e65e21767dca4866d3f,601360.SH,0,599,1,628,0.04
0.03,0.04,,,,CASCADE_DESCENDANT,1241,2,1242,0.03,CN,sha256:bbbc84fa6a9f4dd9d2348dd59bf95f1024c9c44eecc7cb8d1ea1816a6ce769dd,601360.SH,,,,,
0.03,0.04,0.0,0,0.0,SAME_ROOT_SAME_TERMINAL,1268,3,1269,0.03,CN,sha256:ea1b425358387529a6a7101e3ccf2be46c2b5c8445a5f158d1c4e6061076b44b,601360.SH,0,1268,4,1269,0.04
0.03,0.04,0.0,0,0.0,SAME_ROOT_SAME_TERMINAL,2332,4,,0.03,CN,sha256:d18a3d43f3517a03aa06e86e98456f54b1670811cda21488a5b4cc6817b27ea7,601360.SH,,2332,7,,0.04
0.03,0.04,,,,ADDED_LIFECYCLE,,,,,CN,sha256:ba7f32482e21bad59669bb1b67408f7e35565bf15a94b6d71a9170c252b121e3,601360.SH,,730,2,730,0.04
0.03,0.04,,,,CASCADE_DESCENDANT,,,,,CN,sha256:5ba5f51c51f262b4a071c78a0364dd6ed87095e202bfcfe860f0c05e4a9cdb7f,601360.SH,,1214,3,1232,0.04
0.03,0.04,,,,CASCADE_DESCENDANT,,,,,CN,sha256:827aee0db8c2a6b1b7c83a4855b1cc079d85d2fd63909ced705594d752e4c37d,601360.SH,,1444,5,1449,0.04
0.03,0.04,,,,CASCADE_DESCENDANT,,,,,CN,sha256:ac03f7cd0df846fbbce9f2786ab6de6f09cfe66cc3c631ea9897efa830ad902c,601360.SH,,2242,6,2243,0.04
0.04,0.05,0.0,0,0.0,SAME_ROOT_SAME_TERMINAL,599,1,628,0.04,CN,sha256:7a89ad0fdfb5de51ede181ad5415cf1dee3e378fed3e0e65e21767dca4866d3f,601360.SH,0,599,1,628,0.05
0.04,0.05,0.0,0,0.0,SAME_ROOT_SAME_TERMINAL,730,2,730,0.04,CN,sha256:ba7f32482e21bad59669bb1b67408f7e35565bf15a94b6d71a9170c252b121e3,601360.SH,0,730,2,730,0.05
0.04,0.05,0.0,0,0.0,SAME_ROOT_SAME_TERMINAL,1214,3,1232,0.04,CN,sha256:5ba5f51c51f262b4a071c78a0364dd6ed87095e202bfcfe860f0c05e4a9cdb7f,601360.SH,0,1214,4,1232,0.05
0.04,0.05,0.0,0,0.0,SAME_ROOT_SAME_TERMINAL,1268,4,1269,0.04,CN,sha256:ea1b425358387529a6a7101e3ccf2be46c2b5c8445a5f158d1c4e6061076b44b,601360.SH,0,1268,5,1269,0.05
0.04,0.05,0.0,0,0.0,SAME_ROOT_SAME_TERMINAL,1444,5,1449,0.04,CN,sha256:827aee0db8c2a6b1b7c83a4855b1cc079d85d2fd63909ced705594d752e4c37d,601360.SH,0,1444,6,1449,0.05
0.04,0.05,0.0,0,0.0,SAME_ROOT_SAME_TERMINAL,2242,6,2243,0.04,CN,sha256:ac03f7cd0df846fbbce9f2786ab6de6f09cfe66cc3c631ea9897efa830ad902c,601360.SH,0,2242,9,2243,0.05
0.04,0.05,0.0,0,0.0,SAME_ROOT_SAME_TERMINAL,2332,7,,0.04,CN,sha256:d18a3d43f3517a03aa06e86e98456f54b1670811cda21488a5b4cc6817b27ea7,601360.SH,,2332,10,,0.05
0.04,0.05,,,,ADDED_LIFECYCLE,,,,,CN,sha256:d5ef810ca4c5f7ac58916034c1af404a87fa15d4a64d0afc117073f8a38cbc53,601360.SH,,853,3,853,0.05
0.04,0.05,,,,CASCADE_DESCENDANT,,,,,CN,sha256:c7ea863a11dec8c8dbcbe859b67c3c9e15f8232e31785a0ed92b26206656f0ec,601360.SH,,1702,7,1704,0.05
0.04,0.05,,,,CASCADE_DESCENDANT,,,,,CN,sha256:fbd0fa6fd8b3e5ae661b56bab8bd1d3677f3ac399ca6ba870ee27b847757eb62,601360.SH,,2059,8,2082,0.05
0.03,0.04,,,,CASCADE_DESCENDANT,226,1,232,0.03,CN,sha256:ce53579de36695dbf0b16e24e18d13d7f8923b14054bc6ff421c9f717278e36c,601598.SH,,,,,
0.03,0.04,0.0,0,0.0,SAME_ROOT_SAME_TERMINAL,352,2,352,0.03,CN,sha256:7935c3bfbd14ee67d1cc4e2d5f491ebb9153a65c9b3b4abb9ba94bd454df4a58,601598.SH,0,352,2,352,0.04
0.03,0.04,0.0,0,0.0,SAME_ROOT_SAME_TERMINAL,843,3,859,0.03,CN,sha256:50a6a072bd6680408a3f182d39abf742f76c2ff82df4212c47d5834ec4748342,601598.SH,0,843,3,859,0.04
0.03,0.04,0.0,0,0.0,SAME_ROOT_SAME_TERMINAL,1218,4,1219,0.03,CN,sha256:fa9ea1648014d1160d7b2b7d4b9f0da550c549b484874f4a45013ac6ff1eafe1,601598.SH,0,1218,5,1219,0.04
0.03,0.04,0.0,0,0.0,SAME_ROOT_SAME_TERMINAL,1534,5,1574,0.03,CN,sha256:d8b8bb8cfa3660ea53e905e46cfbf3eed0db6106c0a5a2102c3ced38cbe47e6b,601598.SH,0,1534,7,1574,0.04
0.03,0.04,0.0,0,0.0,SAME_ROOT_SAME_TERMINAL,1692,6,1693,0.03,CN,sha256:3b14cc4b87e7d131e91647b38d5cfc43944786676c0d3df3a25283fb6edcec8b,601598.SH,0,1692,8,1693,0.04
0.03,0.04,,,,ADDED_LIFECYCLE,,,,,CN,sha256:11fde96208d5e384df4190929155f1b937d3f3745a4a51f6ec4fcbe40e749481,601598.SH,,217,1,240,0.04
0.03,0.04,,,,CASCADE_DESCENDANT,,,,,CN,sha256:b62467d35b7b7b8ab38b452faeb11a282abdad50aaf26ebaf37b65ae1e920e4f,601598.SH,,1103,4,1109,0.04
0.03,0.04,,,,CASCADE_DESCENDANT,,,,,CN,sha256:7a4601930bf94025c6d33a3b6858e0a5627ab200921bf81bd4e944231c454e92,601598.SH,,1461,6,1488,0.04
0.03,0.04,,,,CASCADE_DESCENDANT,,,,,CN,sha256:d41fd5298d40988240b6c66ff8b92077fa7c7ca96a27c09951daff6d2f3403e4,601598.SH,,1784,9,1790,0.04
0.04,0.05,0.0,0,0.0,SAME_ROOT_SAME_TERMINAL,217,1,240,0.04,CN,sha256:11fde96208d5e384df4190929155f1b937d3f3745a4a51f6ec4fcbe40e749481,601598.SH,0,217,2,240,0.05
0.04,0.05,0.0,0,0.0,SAME_ROOT_SAME_TERMINAL,352,2,352,0.04,CN,sha256:7935c3bfbd14ee67d1cc4e2d5f491ebb9153a65c9b3b4abb9ba94bd454df4a58,601598.SH,0,352,3,352,0.05
0.04,0.05,0.0,0,0.0,SAME_ROOT_SAME_TERMINAL,843,3,859,0.04,CN,sha256:50a6a072bd6680408a3f182d39abf742f76c2ff82df4212c47d5834ec4748342,601598.SH,0,843,4,859,0.05
0.04,0.05,,,,CASCADE_DESCENDANT,1103,4,1109,0.04,CN,sha256:b62467d35b7b7b8ab38b452faeb11a282abdad50aaf26ebaf37b65ae1e920e4f,601598.SH,,,,,
0.04,0.05,0.0,0,0.0,SAME_ROOT_SAME_TERMINAL,1218,5,1219,0.04,CN,sha256:fa9ea1648014d1160d7b2b7d4b9f0da550c549b484874f4a45013ac6ff1eafe1,601598.SH,0,1218,6,1219,0.05
0.04,0.05,0.0,0,0.0,SAME_ROOT_SAME_TERMINAL,1461,6,1488,0.04,CN,sha256:7a4601930bf94025c6d33a3b6858e0a5627ab200921bf81bd4e944231c454e92,601598.SH,0,1461,7,1488,0.05
0.04,0.05,0.0,0,0.0,SAME_ROOT_SAME_TERMINAL,1534,7,1574,0.04,CN,sha256:d8b8bb8cfa3660ea53e905e46cfbf3eed0db6106c0a5a2102c3ced38cbe47e6b,601598.SH,0,1534,8,1574,0.05
0.04,0.05,0.0,0,0.0,SAME_ROOT_SAME_TERMINAL,1692,8,1693,0.04,CN,sha256:3b14cc4b87e7d131e91647b38d5cfc43944786676c0d3df3a25283fb6edcec8b,601598.SH,0,1692,9,1693,0.05
0.04,0.05,0.0,0,0.0,SAME_ROOT_SAME_TERMINAL,1784,9,1790,0.04,CN,sha256:d41fd5298d40988240b6c66ff8b92077fa7c7ca96a27c09951daff6d2f3403e4,601598.SH,0,1784,10,1790,0.05
0.04,0.05,,,,ADDED_LIFECYCLE,,,,,CN,sha256:bc57525cb1b2fe9c8d4684e8ec8a121eff7ec2a89addb183233ad7be6c1755b6,601598.SH,,194,1,195,0.05
0.04,0.05,,,,CASCADE_DESCENDANT,,,,,CN,sha256:60be0049ace5c6d1f0bd985791cbdb818e5fdf3f8f062b2cf8d1606444f779eb,601598.SH,,1083,5,1098,0.05
0.03,0.04,,,,CASCADE_DESCENDANT,160,1,161,0.03,CN,sha256:cd8380823c8410d162e672d990f742c00ae8b9b22db3944ed58e3e7591e4038c,601888.SH,,,,,
0.03,0.04,0.0,0,0.0,SAME_ROOT_SAME_TERMINAL,603,2,603,0.03,CN,sha256:4bc15f0fad91391f70679763433fb9cb4586ff6b1d9ec907d2920bde17c2221b,601888.SH,0,603,2,603,0.04
0.03,0.04,0.0,0,0.0,SAME_ROOT_SAME_TERMINAL,633,3,643,0.03,CN,sha256:428fcd9b0a6ccdc769034d41f7829b5fd0ec0ee518f38527e044c6b582a4904c,601888.SH,0,633,3,643,0.04
0.03,0.04,0.0,0,0.0,SAME_ROOT_SAME_TERMINAL,687,4,694,0.03,CN,sha256:61d424ee49c559a9b560c2919def9651f6c63fbf1d6dce4a25de8af8de05b798,601888.SH,0,687,4,694,0.04
0.03,0.04,0.0,0,0.0,SAME_ROOT_SAME_TERMINAL,912,5,925,0.03,CN,sha256:ec65332e1774445f28088aba5c2abedaf3fb1a1d880dc24c88833f93679d9a0d,601888.SH,0,912,6,925,0.04
0.03,0.04,0.0,0,0.0,SAME_ROOT_SAME_TERMINAL,1478,6,1479,0.03,CN,sha256:3890b918d2e306f981a00ba332f8acad41050bdcdf73efea1c5011cd8b32bd6f,601888.SH,0,1478,7,1479,0.04
0.03,0.04,0.0,0,0.0,SAME_ROOT_SAME_TERMINAL,1981,7,1988,0.03,CN,sha256:d5d7eb637154e20eb1cce30fafae9ee4eafd82e86f03e297da6ed5138007fa4c,601888.SH,0,1981,10,1988,0.04
0.03,0.04,0.0,0,0.0,SAME_ROOT_SAME_TERMINAL,2066,8,2067,0.03,CN,sha256:d6c48c1dd59641252f711073c1909d05a90d27b07d6a33e54e497e83c91d8798,601888.SH,0,2066,11,2067,0.04
0.03,0.04,0.0,0,0.0,SAME_ROOT_SAME_TERMINAL,2218,9,2219,0.03,CN,sha256:44bd106858b8caf03f2c58a6b3337b87215c290181a381eb589e0ea8f3d576d9,601888.SH,0,2218,12,2219,0.04
0.03,0.04,,,,ADDED_LIFECYCLE,,,,,CN,sha256:534c6641732e7dfafee277d1cc722deecbd2f3fa62b216c91ec53a9bfe43e61d,601888.SH,,143,1,164,0.04
0.03,0.04,,,,CASCADE_DESCENDANT,,,,,CN,sha256:249d7366907c7388609a88b07b754fb55f6c52c21faab716626972769ba7d8c9,601888.SH,,785,5,786,0.04
0.03,0.04,,,,CASCADE_DESCENDANT,,,,,CN,sha256:db5e37c750991a90ee5248bd20a12aa9498e770064c8f603c808ac2c18eeb288,601888.SH,,1729,8,1748,0.04
0.03,0.04,,,,CASCADE_DESCENDANT,,,,,CN,sha256:7123d3979961bfd7e4c39a9b6366a11838c2c0b4f14571366e80f54b5e8bbe80,601888.SH,,1806,9,1810,0.04
0.04,0.05,,,,CASCADE_DESCENDANT,143,1,164,0.04,CN,sha256:534c6641732e7dfafee277d1cc722deecbd2f3fa62b216c91ec53a9bfe43e61d,601888.SH,,,,,
0.04,0.05,0.0,0,0.0,SAME_ROOT_SAME_TERMINAL,603,2,603,0.04,CN,sha256:4bc15f0fad91391f70679763433fb9cb4586ff6b1d9ec907d2920bde17c2221b,601888.SH,0,603,2,603,0.05
0.04,0.05,0.0,0,0.0,SAME_ROOT_SAME_TERMINAL,633,3,643,0.04,CN,sha256:428fcd9b0a6ccdc769034d41f7829b5fd0ec0ee518f38527e044c6b582a4904c,601888.SH,0,633,3,643,0.05
0.04,0.05,0.0,0,0.0,SAME_ROOT_SAME_TERMINAL,687,4,694,0.04,CN,sha256:61d424ee49c559a9b560c2919def9651f6c63fbf1d6dce4a25de8af8de05b798,601888.SH,0,687,4,694,0.05
0.04,0.05,0.0,0,0.0,SAME_ROOT_SAME_TERMINAL,785,5,786,0.04,CN,sha256:249d7366907c7388609a88b07b754fb55f6c52c21faab716626972769ba7d8c9,601888.SH,0,785,5,786,0.05
0.04,0.05,0.0,0,0.0,SAME_ROOT_SAME_TERMINAL,912,6,925,0.04,CN,sha256:ec65332e1774445f28088aba5c2abedaf3fb1a1d880dc24c88833f93679d9a0d,601888.SH,0,912,6,925,0.05
0.04,0.05,0.0,0,0.0,SAME_ROOT_SAME_TERMINAL,1478,7,1479,0.04,CN,sha256:3890b918d2e306f981a00ba332f8acad41050bdcdf73efea1c5011cd8b32bd6f,601888.SH,0,1478,11,1479,0.05
0.04,0.05,0.0,0,0.0,SAME_ROOT_SAME_TERMINAL,1729,8,1748,0.04,CN,sha256:db5e37c750991a90ee5248bd20a12aa9498e770064c8f603c808ac2c18eeb288,601888.SH,0,1729,12,1748,0.05
0.04,0.05,0.0,0,0.0,SAME_ROOT_SAME_TERMINAL,1806,9,1810,0.04,CN,sha256:7123d3979961bfd7e4c39a9b6366a11838c2c0b4f14571366e80f54b5e8bbe80,601888.SH,0,1806,14,1810,0.05
0.04,0.05,0.0,0,0.0,SAME_ROOT_SAME_TERMINAL,1981,10,1988,0.04,CN,sha256:d5d7eb637154e20eb1cce30fafae9ee4eafd82e86f03e297da6ed5138007fa4c,601888.SH,0,1981,15,1988,0.05
0.04,0.05,0.0,0,0.0,SAME_ROOT_SAME_TERMINAL,2066,11,2067,0.04,CN,sha256:d6c48c1dd59641252f711073c1909d05a90d27b07d6a33e54e497e83c91d8798,601888.SH,0,2066,16,2067,0.05
0.04,0.05,0.0,0,0.0,SAME_ROOT_SAME_TERMINAL,2218,12,2219,0.04,CN,sha256:44bd106858b8caf03f2c58a6b3337b87215c290181a381eb589e0ea8f3d576d9,601888.SH,0,2218,17,2219,0.05
0.04,0.05,,,,ADDED_LIFECYCLE,,,,,CN,sha256:50c846d5ee526f9a3a9578f9453a9c5ae2cfe871361c2f0b4659a88bdbc32b3e,601888.SH,,141,1,164,0.05
0.04,0.05,,,,CASCADE_DESCENDANT,,,,,CN,sha256:760f3ac45e9ed01a59ac2cf27a62ed864d3bc2bcef3f8ec330339c618789b098,601888.SH,,1160,7,1160,0.05
0.04,0.05,,,,CASCADE_DESCENDANT,,,,,CN,sha256:b216b0274b85ab51bf7d8fa03b749567961fe12f31e85506ee92d022c306c5d6,601888.SH,,1218,8,1226,0.05
0.04,0.05,,,,CASCADE_DESCENDANT,,,,,CN,sha256:abccffa83a176124a41d42421e8ae8f49fc9d92788e421539ba6bcca8a5eb9c1,601888.SH,,1294,9,1317,0.05
0.04,0.05,,,,CASCADE_DESCENDANT,,,,,CN,sha256:3bf1fbfd5f723f1c30e4d97fe627ad6d3a33bb6c863909beb9588ff185188ded,601888.SH,,1411,10,1412,0.05
0.04,0.05,,,,CASCADE_DESCENDANT,,,,,CN,sha256:44b310a7f065899052002932b8502c85809c9720fc6f37776b8e743285b032f2,601888.SH,,1778,13,1779,0.05
0.03,0.04,0.0,0,0.0,SAME_ROOT_SAME_TERMINAL,217,1,219,0.03,CN,sha256:8a6664e01bbe82c82424553adf9b483f17c3a8d7796dc7b4790598708ce13f8a,603341.SH,0,217,1,219,0.04
0.03,0.04,,,,CASCADE_DESCENDANT,566,2,570,0.03,CN,sha256:639570590706b4c6176ccfacd317cc86d8945e300fb29729acb683fcc2f9c666,603341.SH,,,,,
0.03,0.04,,,,ADDED_LIFECYCLE,,,,,CN,sha256:646c83073b95310a9208ad068a3dd63bcefd6deb8d8622df0d465d1a5f1a3d8a,603341.SH,,326,2,356,0.04
0.03,0.04,,,,CASCADE_DESCENDANT,,,,,CN,sha256:00f417b31a51378b4caacdabc5eb74a442e7d6ef831b0c1f21365de7ef201207,603341.SH,,547,3,559,0.04
0.04,0.05,0.0,0,0.0,SAME_ROOT_SAME_TERMINAL,217,1,219,0.04,CN,sha256:8a6664e01bbe82c82424553adf9b483f17c3a8d7796dc7b4790598708ce13f8a,603341.SH,0,217,2,219,0.05
0.04,0.05,0.0,0,0.0,SAME_ROOT_SAME_TERMINAL,326,2,356,0.04,CN,sha256:646c83073b95310a9208ad068a3dd63bcefd6deb8d8622df0d465d1a5f1a3d8a,603341.SH,0,326,3,356,0.05
0.04,0.05,0.0,0,0.0,SAME_ROOT_SAME_TERMINAL,547,3,559,0.04,CN,sha256:00f417b31a51378b4caacdabc5eb74a442e7d6ef831b0c1f21365de7ef201207,603341.SH,0,547,4,559,0.05
0.04,0.05,,,,ADDED_LIFECYCLE,,,,,CN,sha256:4c966264922e52a186d509d5bddff2adbe1c3fda688e187cc98c79f47e2964ef,603341.SH,,140,1,143,0.05
0.03,0.04,0.0,0,0.0,SAME_ROOT_SAME_TERMINAL,55,1,57,0.03,CN,sha256:9a3261afdff36ecec5c2f8f47db5175cdefbb619822ffef58e491a10a25f6c34,603919.SH,0,55,1,57,0.04
0.03,0.04,0.0,0,0.0,SAME_ROOT_SAME_TERMINAL,1590,2,1597,0.03,CN,sha256:11c8b162379d0eb2708c9985401b6f1dd20908a769cb7e0e27891075b6f08636,603919.SH,0,1590,5,1597,0.04
0.03,0.04,0.0,0,0.0,SAME_ROOT_SAME_TERMINAL,1946,3,1947,0.03,CN,sha256:e96ac38e268d86929fca647b6caf2506b12f0a01f79d861889d7ed786e4a2649,603919.SH,0,1946,6,1947,0.04
0.03,0.04,0.0,0,0.0,SAME_ROOT_SAME_TERMINAL,1986,4,1988,0.03,CN,sha256:bcdb806536d1945590e639091292a05691fe8157fc4deeb404cbf4699c67ccf5,603919.SH,0,1986,7,1988,0.04
0.03,0.04,0.0,0,0.0,SAME_ROOT_SAME_TERMINAL,2021,5,2096,0.03,CN,sha256:db12435862d2c0300f5120eab45043a1d33fc42ddf9b98ed5c3e6ce23f3c2c0e,603919.SH,0,2021,8,2096,0.04
0.03,0.04,,,,ADDED_LIFECYCLE,,,,,CN,sha256:b67ec021e4c1447df063852291f7696558f87084a998ae9dd16f30800154117f,603919.SH,,595,2,603,0.04
0.03,0.04,,,,CASCADE_DESCENDANT,,,,,CN,sha256:4d989c7a67db818ff8a31d9ddb1fe98ec4254f1adba74198444b7d6b2aacdb13,603919.SH,,738,3,738,0.04
0.03,0.04,,,,CASCADE_DESCENDANT,,,,,CN,sha256:1dd17da24a23cb0f346d8d664c360b59e927e2565f90c5af3d3af1d8554e5185,603919.SH,,1165,4,1199,0.04
0.04,0.05,0.0,0,0.0,SAME_ROOT_SAME_TERMINAL,55,1,57,0.04,CN,sha256:9a3261afdff36ecec5c2f8f47db5175cdefbb619822ffef58e491a10a25f6c34,603919.SH,0,55,1,57,0.05
0.04,0.05,0.0,0,0.0,SAME_ROOT_SAME_TERMINAL,595,2,603,0.04,CN,sha256:b67ec021e4c1447df063852291f7696558f87084a998ae9dd16f30800154117f,603919.SH,0,595,2,603,0.05
0.04,0.05,0.0,0,0.0,SAME_ROOT_SAME_TERMINAL,738,3,738,0.04,CN,sha256:4d989c7a67db818ff8a31d9ddb1fe98ec4254f1adba74198444b7d6b2aacdb13,603919.SH,0,738,3,738,0.05
0.04,0.05,,,,CASCADE_DESCENDANT,1165,4,1199,0.04,CN,sha256:1dd17da24a23cb0f346d8d664c360b59e927e2565f90c5af3d3af1d8554e5185,603919.SH,,,,,
0.04,0.05,0.0,0,0.0,SAME_ROOT_SAME_TERMINAL,1590,5,1597,0.04,CN,sha256:11c8b162379d0eb2708c9985401b6f1dd20908a769cb7e0e27891075b6f08636,603919.SH,0,1590,8,1597,0.05
0.04,0.05,0.0,0,0.0,SAME_ROOT_SAME_TERMINAL,1946,6,1947,0.04,CN,sha256:e96ac38e268d86929fca647b6caf2506b12f0a01f79d861889d7ed786e4a2649,603919.SH,0,1946,9,1947,0.05
0.04,0.05,0.0,0,0.0,SAME_ROOT_SAME_TERMINAL,1986,7,1988,0.04,CN,sha256:bcdb806536d1945590e639091292a05691fe8157fc4deeb404cbf4699c67ccf5,603919.SH,0,1986,10,1988,0.05
0.04,0.05,,,,CASCADE_DESCENDANT,2021,8,2096,0.04,CN,sha256:db12435862d2c0300f5120eab45043a1d33fc42ddf9b98ed5c3e6ce23f3c2c0e,603919.SH,,,,,
0.04,0.05,,,,ADDED_LIFECYCLE,,,,,CN,sha256:38dcb6958f3c997bcb9dbf9fe64d24e2323178e5113f64aca619e3644ba36457,603919.SH,,927,4,927,0.05
0.04,0.05,,,,CASCADE_DESCENDANT,,,,,CN,sha256:887e7e292dd31e5f9e4c5ba3cd6e62ccb28b321721b118d28665319e750aad15,603919.SH,,1144,5,1200,0.05
0.04,0.05,,,,CASCADE_DESCENDANT,,,,,CN,sha256:82a832eaca0e973386639dcf6395ad2696edf9d36a495ce34503c72b308cab6b,603919.SH,,1293,6,1308,0.05
0.04,0.05,,,,CASCADE_DESCENDANT,,,,,CN,sha256:93d291968c0abf0a5c27d208ed1e81810b0bd59753b13b4300db3614a7a02262,603919.SH,,1487,7,1488,0.05
0.04,0.05,,,,CASCADE_DESCENDANT,,,,,CN,sha256:acbb94fd206bb6ef59a44a381234f30a3986c43758b995b78b1f0d1f6ec1f963,603919.SH,,2016,11,2095,0.05
0.03,0.04,0.0,0,0.0,SAME_ROOT_SAME_TERMINAL,164,1,166,0.03,US,sha256:b1675c3a9f245de25cceecccc8f2b309f75ac2c946a3347cb735b327ccbea29b,ADI,0,164,1,166,0.04
0.03,0.04,0.0,0,0.0,SAME_ROOT_SAME_TERMINAL,319,2,354,0.03,US,sha256:bdd49e912f84a0a0fd2a7098cb6fa3ad7f5ebec072eb8ded394161976a5be720,ADI,0,319,2,354,0.04
0.03,0.04,0.0,0,0.0,SAME_ROOT_SAME_TERMINAL,417,3,417,0.03,US,sha256:4acc8816b9d0740883b8607c0f45a488e8a8743a10c9465b679ee876e4e49a0f,ADI,0,417,3,417,0.04
0.03,0.04,0.0,0,0.0,SAME_ROOT_SAME_TERMINAL,439,4,443,0.03,US,sha256:0c385206333d4b2f160796b336651e34d72f1cb3ea91812ece6d8f08d137b59c,ADI,0,439,4,443,0.04
0.03,0.04,0.0,0,0.0,SAME_ROOT_SAME_TERMINAL,735,5,737,0.03,US,sha256:17e624c4d55b82357254857fcb0dd5e286d1d80d2cca4ca6f84150ad7c71b48b,ADI,0,735,5,737,0.04
0.03,0.04,0.0,0,0.0,SAME_ROOT_SAME_TERMINAL,890,6,892,0.03,US,sha256:a933a9f87f1e4da06faba90e519e84e2d939177982b4a07dbe2fed7626078ea6,ADI,0,890,6,892,0.04
0.03,0.04,0.0,0,0.0,SAME_ROOT_SAME_TERMINAL,937,7,949,0.03,US,sha256:4f9de7c6e3fc35117c7991c09f757e0c77c37a779fb3ad34c51845e9c7eb290b,ADI,0,937,7,949,0.04
0.03,0.04,0.0,0,0.0,SAME_ROOT_SAME_TERMINAL,1144,8,1154,0.03,US,sha256:3ed4e98fde88c6bfc1c4715248b2ac5528ab106e535f7cf2d70055c527df7b4a,ADI,0,1144,8,1154,0.04
0.03,0.04,0.0,0,0.0,SAME_ROOT_SAME_TERMINAL,1179,9,1189,0.03,US,sha256:289e5d84acbedc121c68e1da21253776a8919a989764e9284a24086478cd3194,ADI,0,1179,9,1189,0.04
0.03,0.04,0.0,0,0.0,SAME_ROOT_SAME_TERMINAL,1217,10,1219,0.03,US,sha256:2690b7d415d64dd29c73c592c0d0642916e55396192cf05a31d8677669592dfe,ADI,0,1217,10,1219,0.04
0.03,0.04,0.0,0,0.0,SAME_ROOT_SAME_TERMINAL,1308,11,1318,0.03,US,sha256:4225ec97481524c1e5d2ae84c94ded15a65a47d3128e6f550622e80b0ef37a6e,ADI,0,1308,11,1318,0.04
0.03,0.04,,,,CASCADE_DESCENDANT,1368,12,1370,0.03,US,sha256:45e5cd26bdd0aad414132688ad4336b80bf8dc56d35acbc8ca0d462e554fbea4,ADI,,,,,
0.03,0.04,,,,CASCADE_DESCENDANT,1830,13,1835,0.03,US,sha256:9683726adecd4f36072ade9329fb02a365816d3643a7967aa1ba14b55583e419,ADI,,,,,
0.03,0.04,0.0,0,0.0,SAME_ROOT_SAME_TERMINAL,1978,14,1979,0.03,US,sha256:4eea5870093facff32952348c74c5ae8aaf075246edb5bce139c53436e629f37,ADI,0,1978,15,1979,0.04
0.03,0.04,0.0,0,0.0,SAME_ROOT_SAME_TERMINAL,2030,15,2032,0.03,US,sha256:7ec91767052a7244ed410996c6a67ea95525185cb35fcfbe9b1727d297223a6b,ADI,0,2030,16,2032,0.04
0.03,0.04,,,,ADDED_LIFECYCLE,,,,,US,sha256:f9d0092a5813c302647a4719259e908946586e617649bc6273b62b6f06c71393,ADI,,1358,12,1370,0.04
0.03,0.04,,,,CASCADE_DESCENDANT,,,,,US,sha256:c4ff9937d707d89e4355c8ed873f8588248f0a09ed9d81da68d02bad80a988d8,ADI,,1489,13,1489,0.04
0.03,0.04,,,,CASCADE_DESCENDANT,,,,,US,sha256:ae538420e1285d4c14b6098dabf12d520825590e1855311e9bef1490ca51f9f2,ADI,,1794,14,1827,0.04
0.03,0.04,,,,CASCADE_DESCENDANT,,,,,US,sha256:4628439b5b3180f3d8ecd7b477944c880779b777019f0eae2f511ad957dcc81e,ADI,,2053,17,2053,0.04
0.03,0.04,,,,CASCADE_DESCENDANT,,,,,US,sha256:28378fc92f42b633aa6655a1c7cb6995de3f98461598b8d304fdef23da399a32,ADI,,2399,18,2403,0.04
0.04,0.05,0.0,0,0.0,SAME_ROOT_SAME_TERMINAL,164,1,166,0.04,US,sha256:b1675c3a9f245de25cceecccc8f2b309f75ac2c946a3347cb735b327ccbea29b,ADI,0,164,1,166,0.05
0.04,0.05,0.0,0,0.0,SAME_ROOT_SAME_TERMINAL,319,2,354,0.04,US,sha256:bdd49e912f84a0a0fd2a7098cb6fa3ad7f5ebec072eb8ded394161976a5be720,ADI,0,319,2,354,0.05
0.04,0.05,0.0,0,0.0,SAME_ROOT_SAME_TERMINAL,417,3,417,0.04,US,sha256:4acc8816b9d0740883b8607c0f45a488e8a8743a10c9465b679ee876e4e49a0f,ADI,0,417,3,417,0.05
0.04,0.05,0.0,0,0.0,SAME_ROOT_SAME_TERMINAL,439,4,443,0.04,US,sha256:0c385206333d4b2f160796b336651e34d72f1cb3ea91812ece6d8f08d137b59c,ADI,0,439,4,443,0.05
0.04,0.05,0.0,0,0.0,SAME_ROOT_SAME_TERMINAL,735,5,737,0.04,US,sha256:17e624c4d55b82357254857fcb0dd5e286d1d80d2cca4ca6f84150ad7c71b48b,ADI,0,735,5,737,0.05
0.04,0.05,0.0,0,0.0,SAME_ROOT_SAME_TERMINAL,890,6,892,0.04,US,sha256:a933a9f87f1e4da06faba90e519e84e2d939177982b4a07dbe2fed7626078ea6,ADI,0,890,6,892,0.05
0.04,0.05,0.0,0,0.0,SAME_ROOT_SAME_TERMINAL,937,7,949,0.04,US,sha256:4f9de7c6e3fc35117c7991c09f757e0c77c37a779fb3ad34c51845e9c7eb290b,ADI,0,937,7,949,0.05
0.04,0.05,0.0,0,0.0,SAME_ROOT_SAME_TERMINAL,1144,8,1154,0.04,US,sha256:3ed4e98fde88c6bfc1c4715248b2ac5528ab106e535f7cf2d70055c527df7b4a,ADI,0,1144,8,1154,0.05
0.04,0.05,0.0,0,0.0,SAME_ROOT_SAME_TERMINAL,1179,9,1189,0.04,US,sha256:289e5d84acbedc121c68e1da21253776a8919a989764e9284a24086478cd3194,ADI,0,1179,9,1189,0.05
0.04,0.05,0.0,0,0.0,SAME_ROOT_SAME_TERMINAL,1217,10,1219,0.04,US,sha256:2690b7d415d64dd29c73c592c0d0642916e55396192cf05a31d8677669592dfe,ADI,0,1217,10,1219,0.05
0.04,0.05,,,,CASCADE_DESCENDANT,1308,11,1318,0.04,US,sha256:4225ec97481524c1e5d2ae84c94ded15a65a47d3128e6f550622e80b0ef37a6e,ADI,,,,,
0.04,0.05,0.0,0,0.0,SAME_ROOT_SAME_TERMINAL,1358,12,1370,0.04,US,sha256:f9d0092a5813c302647a4719259e908946586e617649bc6273b62b6f06c71393,ADI,0,1358,12,1370,0.05
0.04,0.05,0.0,0,0.0,SAME_ROOT_SAME_TERMINAL,1489,13,1489,0.04,US,sha256:c4ff9937d707d89e4355c8ed873f8588248f0a09ed9d81da68d02bad80a988d8,ADI,0,1489,13,1489,0.05
0.04,0.05,0.0,0,0.0,SAME_ROOT_SAME_TERMINAL,1794,14,1827,0.04,US,sha256:ae538420e1285d4c14b6098dabf12d520825590e1855311e9bef1490ca51f9f2,ADI,0,1794,16,1827,0.05
0.04,0.05,0.0,0,0.0,SAME_ROOT_SAME_TERMINAL,1978,15,1979,0.04,US,sha256:4eea5870093facff32952348c74c5ae8aaf075246edb5bce139c53436e629f37,ADI,0,1978,17,1979,0.05
0.04,0.05,,,,CASCADE_DESCENDANT,2030,16,2032,0.04,US,sha256:7ec91767052a7244ed410996c6a67ea95525185cb35fcfbe9b1727d297223a6b,ADI,,,,,
0.04,0.05,,,,CASCADE_DESCENDANT,2053,17,2053,0.04,US,sha256:4628439b5b3180f3d8ecd7b477944c880779b777019f0eae2f511ad957dcc81e,ADI,,,,,
0.04,0.05,0.0,0,0.0,SAME_ROOT_SAME_TERMINAL,2399,18,2403,0.04,US,sha256:28378fc92f42b633aa6655a1c7cb6995de3f98461598b8d304fdef23da399a32,ADI,0,2399,20,2403,0.05
0.04,0.05,,,,ADDED_LIFECYCLE,,,,,US,sha256:b4ca71c6d5941f7d7c0793563cb7b3819314322b87b63c2eda5b490919ada4f2,ADI,,1305,11,1306,0.05
0.04,0.05,,,,CASCADE_DESCENDANT,,,,,US,sha256:b34566da1d543a34c6a96622d74ccd58dd7cfb115d6510ec31c260151b27b503,ADI,,1581,14,1589,0.05
0.04,0.05,,,,CASCADE_DESCENDANT,,,,,US,sha256:49e3aef7eee67c637b6ef839acb7d34f71b5d5d2d7bcb12c9c465a476e920e63,ADI,,1705,15,1711,0.05
0.04,0.05,,,,CASCADE_DESCENDANT,,,,,US,sha256:8044e31e7757f2f884e88debf4c2f6abf6cbf28ff0b78a4a38ddc335da03983c,ADI,,2003,18,2038,0.05
0.04,0.05,,,,CASCADE_DESCENDANT,,,,,US,sha256:c2a0c01d06cb9e6c06179b96cea7c85de3458237e8468fb9dede619c8b0da068,ADI,,2049,19,2050,0.05
0.03,0.04,0.0,0,0.0,SAME_ROOT_SAME_TERMINAL,240,1,251,0.03,US,sha256:c2e2aff64c05cd575b857de08fb78c7098d961caecb9cb9e0c41e786da81bd86,BAX,0,240,1,251,0.04
0.03,0.04,0.0,0,0.0,SAME_ROOT_SAME_TERMINAL,397,2,398,0.03,US,sha256:a1782aadfcf6688a5ab2b69b943d06fd13c0efd049e8468ff252556eefe5248a,BAX,0,397,2,398,0.04
0.03,0.04,0.0,0,0.0,SAME_ROOT_SAME_TERMINAL,610,3,610,0.03,US,sha256:a5ffee6c0a9cc331c05a412233535a9cf77eba58500127e72f9f56dcf6ed9110,BAX,0,610,3,610,0.04
0.03,0.04,0.0,0,0.0,SAME_ROOT_SAME_TERMINAL,697,4,707,0.03,US,sha256:95c764e40530d2e64a0702c67895117f30bd1674db957c21eeeb75abb7fc3005,BAX,0,697,4,707,0.04
0.03,0.04,,,,CASCADE_DESCENDANT,879,5,901,0.03,US,sha256:4e1413c337c8b1b23017d17f33aaa2b93e87a85638a65ad227ecb219e3091b31,BAX,,,,,
0.03,0.04,0.0,0,0.0,SAME_ROOT_SAME_TERMINAL,980,6,982,0.03,US,sha256:29b29326464762e62656399b4dbf1580417587d161fda512702a243de316de0a,BAX,0,980,6,982,0.04
0.03,0.04,,,,CASCADE_DESCENDANT,1138,7,1150,0.03,US,sha256:f8206ef9c6184b0509455e519b72eb9104e9effc06d81cbd4fe563a44077bc7c,BAX,,,,,
0.03,0.04,0.0,0,0.0,SAME_ROOT_SAME_TERMINAL,1399,8,1401,0.03,US,sha256:17d01981921997c185cf997f3c0d07bef09cda6732c53946342b0bcb80231a94,BAX,0,1399,9,1401,0.04
0.03,0.04,,,,CASCADE_DESCENDANT,1476,9,1477,0.03,US,sha256:b9814c23b2c85f321361f00e37a6bf1b129c2b808852c25536745d6a1a25176b,BAX,,,,,
0.03,0.04,0.0,0,0.0,SAME_ROOT_SAME_TERMINAL,1502,10,1513,0.03,US,sha256:5021f19ca4cb7b75aee3dc3e107250d945367673cb3f66a49e986ba489f7e0a5,BAX,0,1502,11,1513,0.04
0.03,0.04,0.0,0,0.0,SAME_ROOT_SAME_TERMINAL,1839,11,1840,0.03,US,sha256:73fc4c90e028dd018d98bff2d10cec9a6479764f4d2d29f91a5052ab13bd64b5,BAX,0,1839,12,1840,0.04
0.03,0.04,0.0,0,0.0,SAME_ROOT_SAME_TERMINAL,1900,12,1900,0.03,US,sha256:7a39aa9a1d4d4827a11a141d027a462ce0170875ca07e2d5b3a583e905545f39,BAX,0,1900,13,1900,0.04
0.03,0.04,0.0,0,0.0,SAME_ROOT_SAME_TERMINAL,2126,13,2141,0.03,US,sha256:cbb976506c76c1305d757a948e854470582af6bacff037b2bd6f50570e552d7b,BAX,0,2126,15,2141,0.04
0.03,0.04,0.0,0,0.0,SAME_ROOT_SAME_TERMINAL,2220,14,2221,0.03,US,sha256:d10d855e4e1268eb4ea17e0b960730605fcd96ae585f2b684c76fc0fe720768a,BAX,0,2220,16,2221,0.04
0.03,0.04,0.0,0,0.0,SAME_ROOT_SAME_TERMINAL,2252,15,2252,0.03,US,sha256:8647819dd7cdb4e68a447e509c8d0a48bac411402847b1234f18a536e5a5d6ee,BAX,0,2252,17,2252,0.04
0.03,0.04,,,,ADDED_LIFECYCLE,,,,,US,sha256:dec3cbae9ea0b88690def8247f825b7c8d05348245cf66acfd7382312893616a,BAX,,872,5,874,0.04
0.03,0.04,,,,CASCADE_DESCENDANT,,,,,US,sha256:faf3f8c13937e4433d94aeabe1ac3621b4812ce26fd527f8e1075ce7be9d6137,BAX,,1034,7,1063,0.04
0.03,0.04,,,,CASCADE_DESCENDANT,,,,,US,sha256:1631b304de52e623b6196cb321626fd463df715949d3cd0cc6030c55ff3e7afc,BAX,,1132,8,1150,0.04
0.03,0.04,,,,CASCADE_DESCENDANT,,,,,US,sha256:9580c2fc378bc16cb0d9ae412dc4b3949e6c3ac25ebb1c15f676023aec073c74,BAX,,1469,10,1470,0.04
0.03,0.04,,,,CASCADE_DESCENDANT,,,,,US,sha256:2c6074d5bd10d9dd2642d206310686ab8c10681397e93509f4d2c43a01d3a110,BAX,,1986,14,1987,0.04
0.04,0.05,,,,CASCADE_DESCENDANT,240,1,251,0.04,US,sha256:c2e2aff64c05cd575b857de08fb78c7098d961caecb9cb9e0c41e786da81bd86,BAX,,,,,
0.04,0.05,0.0,0,0.0,SAME_ROOT_SAME_TERMINAL,397,2,398,0.04,US,sha256:a1782aadfcf6688a5ab2b69b943d06fd13c0efd049e8468ff252556eefe5248a,BAX,0,397,4,398,0.05
0.04,0.05,0.0,0,0.0,SAME_ROOT_SAME_TERMINAL,610,3,610,0.04,US,sha256:a5ffee6c0a9cc331c05a412233535a9cf77eba58500127e72f9f56dcf6ed9110,BAX,0,610,5,610,0.05
0.04,0.05,0.0,0,0.0,SAME_ROOT_SAME_TERMINAL,697,4,707,0.04,US,sha256:95c764e40530d2e64a0702c67895117f30bd1674db957c21eeeb75abb7fc3005,BAX,0,697,6,707,0.05
0.04,0.05,0.0,0,0.0,SAME_ROOT_SAME_TERMINAL,872,5,874,0.04,US,sha256:dec3cbae9ea0b88690def8247f825b7c8d05348245cf66acfd7382312893616a,BAX,0,872,7,874,0.05
0.04,0.05,0.0,0,0.0,SAME_ROOT_SAME_TERMINAL,980,6,982,0.04,US,sha256:29b29326464762e62656399b4dbf1580417587d161fda512702a243de316de0a,BAX,0,980,8,982,0.05
0.04,0.05,0.0,0,0.0,SAME_ROOT_SAME_TERMINAL,1034,7,1063,0.04,US,sha256:faf3f8c13937e4433d94aeabe1ac3621b4812ce26fd527f8e1075ce7be9d6137,BAX,0,1034,9,1063,0.05
0.04,0.05,0.0,0,0.0,SAME_ROOT_SAME_TERMINAL,1132,8,1150,0.04,US,sha256:1631b304de52e623b6196cb321626fd463df715949d3cd0cc6030c55ff3e7afc,BAX,0,1132,10,1150,0.05
0.04,0.05,0.0,0,0.0,SAME_ROOT_SAME_TERMINAL,1399,9,1401,0.04,US,sha256:17d01981921997c185cf997f3c0d07bef09cda6732c53946342b0bcb80231a94,BAX,0,1399,12,1401,0.05
0.04,0.05,0.0,0,0.0,SAME_ROOT_SAME_TERMINAL,1469,10,1470,0.04,US,sha256:9580c2fc378bc16cb0d9ae412dc4b3949e6c3ac25ebb1c15f676023aec073c74,BAX,0,1469,13,1470,0.05
0.04,0.05,0.0,0,0.0,SAME_ROOT_SAME_TERMINAL,1502,11,1513,0.04,US,sha256:5021f19ca4cb7b75aee3dc3e107250d945367673cb3f66a49e986ba489f7e0a5,BAX,0,1502,14,1513,0.05
0.04,0.05,0.0,0,0.0,SAME_ROOT_SAME_TERMINAL,1839,12,1840,0.04,US,sha256:73fc4c90e028dd018d98bff2d10cec9a6479764f4d2d29f91a5052ab13bd64b5,BAX,0,1839,15,1840,0.05
0.04,0.05,0.0,0,0.0,SAME_ROOT_SAME_TERMINAL,1900,13,1900,0.04,US,sha256:7a39aa9a1d4d4827a11a141d027a462ce0170875ca07e2d5b3a583e905545f39,BAX,0,1900,16,1900,0.05
0.04,0.05,0.0,0,0.0,SAME_ROOT_SAME_TERMINAL,1986,14,1987,0.04,US,sha256:2c6074d5bd10d9dd2642d206310686ab8c10681397e93509f4d2c43a01d3a110,BAX,0,1986,17,1987,0.05
0.04,0.05,0.0,0,0.0,SAME_ROOT_SAME_TERMINAL,2126,15,2141,0.04,US,sha256:cbb976506c76c1305d757a948e854470582af6bacff037b2bd6f50570e552d7b,BAX,0,2126,18,2141,0.05
0.04,0.05,0.0,0,0.0,SAME_ROOT_SAME_TERMINAL,2220,16,2221,0.04,US,sha256:d10d855e4e1268eb4ea17e0b960730605fcd96ae585f2b684c76fc0fe720768a,BAX,0,2220,19,2221,0.05
0.04,0.05,0.0,0,0.0,SAME_ROOT_SAME_TERMINAL,2252,17,2252,0.04,US,sha256:8647819dd7cdb4e68a447e509c8d0a48bac411402847b1234f18a536e5a5d6ee,BAX,0,2252,20,2252,0.05
0.04,0.05,,,,ADDED_LIFECYCLE,,,,,US,sha256:6357d1bf2856f565d72419473e5ee127b0b15947adde64873b2c4f443a01418c,BAX,,222,1,228,0.05
0.04,0.05,,,,CASCADE_DESCENDANT,,,,,US,sha256:83bce504a8600e415445a785b48e56f75b7514a46fd728505cc728c9755dc9ff,BAX,,251,2,251,0.05
0.04,0.05,,,,CASCADE_DESCENDANT,,,,,US,sha256:1f4e4841191e4101fb556d183d9db9efbfa323e52a191c298050515bc33999d0,BAX,,303,3,350,0.05
0.04,0.05,,,,CASCADE_DESCENDANT,,,,,US,sha256:7e998e796e2d06b63fd72cf02218ada81afce4739a0267d26322fabd083fd78c,BAX,,1301,11,1305,0.05
0.03,0.04,0.0,0,0.0,SAME_ROOT_SAME_TERMINAL,404,1,405,0.03,US,sha256:958f71e0a091d6095e1d8979df9d522e6efd148e53b577eea6a100971eb266a3,BKNG,0,404,2,405,0.04
0.03,0.04,0.0,0,0.0,SAME_ROOT_SAME_TERMINAL,859,2,859,0.03,US,sha256:f485d1daad6c881650e38e0f02d101bbe36a182eeba04985f1e98c1259bafe14,BKNG,0,859,3,859,0.04
0.03,0.04,0.0,0,0.0,SAME_ROOT_SAME_TERMINAL,1609,3,1612,0.03,US,sha256:1b98c7a48ba3788f24f630a73481b0bb737b2ec481ddfc47a02c06bad7792a07,BKNG,0,1609,5,1612,0.04
0.03,0.04,0.0,0,0.0,SAME_ROOT_SAME_TERMINAL,1653,4,1653,0.03,US,sha256:ddf59ae2b1c20902ad663e3b0e4c94b7ff0efcded41d33a8e732925e7e6304e4,BKNG,0,1653,6,1653,0.04
0.03,0.04,0.0,0,0.0,SAME_ROOT_SAME_TERMINAL,1701,5,1706,0.03,US,sha256:65aab90810b8338d8e1b2ca667b1db946275245810bd829bb7df1df17e4d141b,BKNG,0,1701,7,1706,0.04
0.03,0.04,,,,CASCADE_DESCENDANT,2215,6,2216,0.03,US,sha256:e27990e45b355ab7673b2834cbbaaaedcf0cc6f51d1e14af3c2c59bd68e79cd7,BKNG,,,,,
0.03,0.04,0.0,0,0.0,SAME_ROOT_SAME_TERMINAL,2416,7,2416,0.03,US,sha256:09258f7c417ec807f9ca0e6cb9dfbb3091db747ddd49e6c7d3d86eeebd734b19,BKNG,0,2416,9,2416,0.04
0.03,0.04,,,,ADDED_LIFECYCLE,,,,,US,sha256:75ee2bbb279ec5e0763fa10a0fce051a8d2fa17861dc635d9943719a91e0ba2c,BKNG,,191,1,191,0.04
0.03,0.04,,,,CASCADE_DESCENDANT,,,,,US,sha256:ce7e7915de26a41c768ccecd968daab83820ab3d350ced03f3e1bedd7fa3e244,BKNG,,968,4,970,0.04
0.03,0.04,,,,CASCADE_DESCENDANT,,,,,US,sha256:07d8f731bc5d25b5f8cd4786ddd17b8e9d620b6f88770944ce5d03e8e5ff2d01,BKNG,,2196,8,2202,0.04
0.04,0.05,0.0,0,0.0,SAME_ROOT_SAME_TERMINAL,191,1,191,0.04,US,sha256:75ee2bbb279ec5e0763fa10a0fce051a8d2fa17861dc635d9943719a91e0ba2c,BKNG,0,191,1,191,0.05
0.04,0.05,0.0,0,0.0,SAME_ROOT_SAME_TERMINAL,404,2,405,0.04,US,sha256:958f71e0a091d6095e1d8979df9d522e6efd148e53b577eea6a100971eb266a3,BKNG,0,404,4,405,0.05
0.04,0.05,0.0,0,0.0,SAME_ROOT_SAME_TERMINAL,859,3,859,0.04,US,sha256:f485d1daad6c881650e38e0f02d101bbe36a182eeba04985f1e98c1259bafe14,BKNG,0,859,6,859,0.05
0.04,0.05,0.0,0,0.0,SAME_ROOT_SAME_TERMINAL,968,4,970,0.04,US,sha256:ce7e7915de26a41c768ccecd968daab83820ab3d350ced03f3e1bedd7fa3e244,BKNG,0,968,7,970,0.05
0.04,0.05,0.0,0,0.0,SAME_ROOT_SAME_TERMINAL,1609,5,1612,0.04,US,sha256:1b98c7a48ba3788f24f630a73481b0bb737b2ec481ddfc47a02c06bad7792a07,BKNG,0,1609,9,1612,0.05
0.04,0.05,,,,CASCADE_DESCENDANT,1653,6,1653,0.04,US,sha256:ddf59ae2b1c20902ad663e3b0e4c94b7ff0efcded41d33a8e732925e7e6304e4,BKNG,,,,,
0.04,0.05,0.0,0,0.0,SAME_ROOT_SAME_TERMINAL,1701,7,1706,0.04,US,sha256:65aab90810b8338d8e1b2ca667b1db946275245810bd829bb7df1df17e4d141b,BKNG,0,1701,11,1706,0.05
0.04,0.05,0.0,0,0.0,SAME_ROOT_SAME_TERMINAL,2196,8,2202,0.04,US,sha256:07d8f731bc5d25b5f8cd4786ddd17b8e9d620b6f88770944ce5d03e8e5ff2d01,BKNG,0,2196,12,2202,0.05
0.04,0.05,0.0,0,0.0,SAME_ROOT_SAME_TERMINAL,2416,9,2416,0.04,US,sha256:09258f7c417ec807f9ca0e6cb9dfbb3091db747ddd49e6c7d3d86eeebd734b19,BKNG,0,2416,13,2416,0.05
0.04,0.05,,,,ADDED_LIFECYCLE,,,,,US,sha256:bffcbabaa18ebb0acdaf5ab0140f8ac7ef275e015776252d89a06605ed6ee783,BKNG,,213,2,214,0.05
0.04,0.05,,,,CASCADE_DESCENDANT,,,,,US,sha256:42c7298e99404b6991100e713ecc134f11092ea65eb3d4fdd338420b6dd4b1ed,BKNG,,354,3,373,0.05
0.04,0.05,,,,CASCADE_DESCENDANT,,,,,US,sha256:9fbfd1397f66651552ae7daf5cd65bf62fc42ada03267b271950a4cc40ac5ccb,BKNG,,457,5,475,0.05
0.04,0.05,,,,CASCADE_DESCENDANT,,,,,US,sha256:552f5e03b9302df055ca647d9e70f5a256d7d6a94972b55f52c4ad6f2d711d6a,BKNG,,1128,8,1141,0.05
0.04,0.05,,,,CASCADE_DESCENDANT,,,,,US,sha256:d7a7a3d5716785d347b6bc025ad152f26a883e4caad7c87407fe9c7945dbf6ce,BKNG,,1629,10,1640,0.05
0.03,0.04,0.0,0,0.0,SAME_ROOT_SAME_TERMINAL,36,1,36,0.03,US,sha256:8bca071a55313f469df8addb22c6a7d531a980925969ca43422b03792b89f987,BLDR,0,36,1,36,0.04
0.03,0.04,0.0,0,0.0,SAME_ROOT_SAME_TERMINAL,1040,2,1045,0.03,US,sha256:3a74cfa61733a70b790df8bef10fca098e15c701fef1429cf960d131756e8714,BLDR,0,1040,3,1045,0.04
0.03,0.04,0.0,0,0.0,SAME_ROOT_SAME_TERMINAL,1475,3,1476,0.03,US,sha256:e37ee30c8a9bd49ae90b9743869394c83c1394f468f9b54d996e80cac84161ec,BLDR,0,1475,4,1476,0.04
0.03,0.04,0.0,0,0.0,SAME_ROOT_SAME_TERMINAL,1975,4,1976,0.03,US,sha256:6aff27f83f5582bb854576c3a032057bbf90584fccbd523d613a63752384f63f,BLDR,0,1975,5,1976,0.04
0.03,0.04,0.0,0,0.0,SAME_ROOT_SAME_TERMINAL,2126,5,2134,0.03,US,sha256:3046473d3776d047f269534a563863d75ca31361e56a9113440579869de11c02,BLDR,0,2126,6,2134,0.04
0.03,0.04,0.0,0,0.0,SAME_ROOT_SAME_TERMINAL,2169,6,2171,0.03,US,sha256:dfd5491db8db6e92dfd34b8a54cb691db5b57ec5449a3f38544e1d8b96dac8de,BLDR,0,2169,7,2171,0.04
0.03,0.04,,,,ADDED_LIFECYCLE,,,,,US,sha256:344293b881e9c930329fb9fb733d1e66204bd973ee9d1221f2767cbd61ff20fd,BLDR,,87,2,93,0.04
0.04,0.05,0.0,0,0.0,SAME_ROOT_SAME_TERMINAL,36,1,36,0.04,US,sha256:8bca071a55313f469df8addb22c6a7d531a980925969ca43422b03792b89f987,BLDR,0,36,1,36,0.05
0.04,0.05,0.0,0,0.0,SAME_ROOT_SAME_TERMINAL,87,2,93,0.04,US,sha256:344293b881e9c930329fb9fb733d1e66204bd973ee9d1221f2767cbd61ff20fd,BLDR,0,87,2,93,0.05
0.04,0.05,0.0,0,0.0,SAME_ROOT_SAME_TERMINAL,1040,3,1045,0.04,US,sha256:3a74cfa61733a70b790df8bef10fca098e15c701fef1429cf960d131756e8714,BLDR,0,1040,3,1045,0.05
0.04,0.05,0.0,0,0.0,SAME_ROOT_SAME_TERMINAL,1475,4,1476,0.04,US,sha256:e37ee30c8a9bd49ae90b9743869394c83c1394f468f9b54d996e80cac84161ec,BLDR,0,1475,5,1476,0.05
0.04,0.05,0.0,0,0.0,SAME_ROOT_SAME_TERMINAL,1975,5,1976,0.04,US,sha256:6aff27f83f5582bb854576c3a032057bbf90584fccbd523d613a63752384f63f,BLDR,0,1975,6,1976,0.05
0.04,0.05,0.0,0,0.0,SAME_ROOT_SAME_TERMINAL,2126,6,2134,0.04,US,sha256:3046473d3776d047f269534a563863d75ca31361e56a9113440579869de11c02,BLDR,0,2126,7,2134,0.05
0.04,0.05,0.0,0,0.0,SAME_ROOT_SAME_TERMINAL,2169,7,2171,0.04,US,sha256:dfd5491db8db6e92dfd34b8a54cb691db5b57ec5449a3f38544e1d8b96dac8de,BLDR,0,2169,8,2171,0.05
0.04,0.05,,,,ADDED_LIFECYCLE,,,,,US,sha256:6af7f7f0fcdb578344a11bd82386e66cf29d6fbab5d445430dd697e544b8bbb7,BLDR,,1154,4,1154,0.05
0.03,0.04,0.0,0,0.0,SAME_ROOT_SAME_TERMINAL,52,1,53,0.03,US,sha256:cb8e86cf0262abe36f941d5c64b9ea97d53d440f4e79668636d7313e6c1e6340,CIFR,0,52,1,53,0.04
0.03,0.04,0.0,0,0.0,SAME_ROOT_SAME_TERMINAL,79,2,91,0.03,US,sha256:c5832c12b0061d7bab9f4ac0202f94c3174b980872a806a7975f123d5120303c,CIFR,0,79,2,91,0.04
0.03,0.04,0.0,0,0.0,SAME_ROOT_SAME_TERMINAL,380,3,380,0.03,US,sha256:ce597fcfea4a330f6b361f32285e463d3962995b4158373e879ad742fd9fa84f,CIFR,0,380,4,380,0.04
0.03,0.04,,,,ADDED_LIFECYCLE,,,,,US,sha256:bfff83346dc8729754b21fc5ded5b500dc96c8e8082a268492f45881e499d9a4,CIFR,,102,3,102,0.04
0.04,0.05,0.0,0,0.0,SAME_ROOT_SAME_TERMINAL,52,1,53,0.04,US,sha256:cb8e86cf0262abe36f941d5c64b9ea97d53d440f4e79668636d7313e6c1e6340,CIFR,0,52,1,53,0.05
0.04,0.05,0.0,0,0.0,SAME_ROOT_SAME_TERMINAL,79,2,91,0.04,US,sha256:c5832c12b0061d7bab9f4ac0202f94c3174b980872a806a7975f123d5120303c,CIFR,0,79,2,91,0.05
0.04,0.05,0.0,0,0.0,SAME_ROOT_SAME_TERMINAL,102,3,102,0.04,US,sha256:bfff83346dc8729754b21fc5ded5b500dc96c8e8082a268492f45881e499d9a4,CIFR,0,102,3,102,0.05
0.04,0.05,0.0,0,0.0,SAME_ROOT_SAME_TERMINAL,380,4,380,0.04,US,sha256:ce597fcfea4a330f6b361f32285e463d3962995b4158373e879ad742fd9fa84f,CIFR,0,380,4,380,0.05
0.04,0.05,,,,ADDED_LIFECYCLE,,,,,US,sha256:fc7e9e8436e256e0b066dae0b85985478d4aa8a7c221393d4caf36edbae8e70a,CIFR,,557,5,562,0.05
0.04,0.05,,,,ADDED_LIFECYCLE,,,,,US,sha256:6d6f05266f79697d12011461c3deee969eab149d1cf999cd931435fea94bf4be,COIN,,83,1,83,0.05
0.04,0.05,,,,CASCADE_DESCENDANT,,,,,US,sha256:f7afc43f2e2036ee8de92b4b8954969cff950e13ff8b5b3405a1467f17ac13f4,COIN,,621,2,640,0.05
0.03,0.04,0.0,0,0.0,SAME_ROOT_SAME_TERMINAL,784,1,785,0.03,US,sha256:7416f138722d5407bd2f2da3a6d9b2733260f33f43b15255c008cef574bfa5b1,DBX,0,784,1,785,0.04
0.03,0.04,0.0,0,0.0,SAME_ROOT_SAME_TERMINAL,993,2,994,0.03,US,sha256:0e06df57627d8f1a568bf60fc930bd1db61d180b045985a121754b018cbca2e5,DBX,0,993,2,994,0.04
0.03,0.04,0.0,0,0.0,SAME_ROOT_SAME_TERMINAL,1211,3,1224,0.03,US,sha256:b8a757096d7255f5af881e3d0ce22559a3cb92ddaba54474e4517f7e0d91878e,DBX,0,1211,4,1224,0.04
0.03,0.04,0.0,0,0.0,SAME_ROOT_SAME_TERMINAL,1385,4,1433,0.03,US,sha256:f5ea002674d1d28bdea5a88448df74c9edb80e22ddd24dadd97931659696638c,DBX,0,1385,5,1433,0.04
0.03,0.04,,,,ADDED_LIFECYCLE,,,,,US,sha256:2185ce84f0493dc4e16a4d84af94a2793deb7b55bd4515c87983a4009f6712d3,DBX,,1080,3,1098,0.04
0.03,0.04,,,,CASCADE_DESCENDANT,,,,,US,sha256:636f22ead539deea6c34f194de35d315f53b900213ee589264ddd8cd55578624,DBX,,1539,6,1556,0.04
0.03,0.04,,,,CASCADE_DESCENDANT,,,,,US,sha256:74f9b9df0953ef201b6a95579940c8364db5cb44c03eff0ddf1b83d7ecbbe304,DBX,,2040,7,2041,0.04
0.04,0.05,0.0,0,0.0,SAME_ROOT_SAME_TERMINAL,784,1,785,0.04,US,sha256:7416f138722d5407bd2f2da3a6d9b2733260f33f43b15255c008cef574bfa5b1,DBX,0,784,1,785,0.05
0.04,0.05,0.0,0,0.0,SAME_ROOT_SAME_TERMINAL,993,2,994,0.04,US,sha256:0e06df57627d8f1a568bf60fc930bd1db61d180b045985a121754b018cbca2e5,DBX,0,993,2,994,0.05
0.04,0.05,0.0,0,0.0,SAME_ROOT_SAME_TERMINAL,1080,3,1098,0.04,US,sha256:2185ce84f0493dc4e16a4d84af94a2793deb7b55bd4515c87983a4009f6712d3,DBX,0,1080,3,1098,0.05
0.04,0.05,0.0,0,0.0,SAME_ROOT_SAME_TERMINAL,1211,4,1224,0.04,US,sha256:b8a757096d7255f5af881e3d0ce22559a3cb92ddaba54474e4517f7e0d91878e,DBX,0,1211,4,1224,0.05
0.04,0.05,0.0,0,0.0,SAME_ROOT_SAME_TERMINAL,1385,5,1433,0.04,US,sha256:f5ea002674d1d28bdea5a88448df74c9edb80e22ddd24dadd97931659696638c,DBX,0,1385,6,1433,0.05
0.04,0.05,0.0,0,0.0,SAME_ROOT_SAME_TERMINAL,1539,6,1556,0.04,US,sha256:636f22ead539deea6c34f194de35d315f53b900213ee589264ddd8cd55578624,DBX,0,1539,7,1556,0.05
0.04,0.05,0.0,0,0.0,SAME_ROOT_SAME_TERMINAL,2040,7,2041,0.04,US,sha256:74f9b9df0953ef201b6a95579940c8364db5cb44c03eff0ddf1b83d7ecbbe304,DBX,0,2040,8,2041,0.05
0.04,0.05,,,,ADDED_LIFECYCLE,,,,,US,sha256:c86f5724476dd1f4d8ade1839e422d7614eab679ff59959dffc1d015eafeda7f,DBX,,1299,5,1299,0.05
0.03,0.04,0.0,0,0.0,SAME_ROOT_SAME_TERMINAL,44,1,76,0.03,US,sha256:1267a13616a6405cfca020bfe718b3d28eb36f85ff6fae54c438be1f9b652b7c,LIN,0,44,1,76,0.04
0.03,0.04,,,,CASCADE_DESCENDANT,479,2,486,0.03,US,sha256:85f305d85b8f0635344fa0558e86ddb1f3fa4ee54f21e41b454e06fed5f1399c,LIN,,,,,
0.03,0.04,0.0,0,0.0,SAME_ROOT_SAME_TERMINAL,1054,3,1054,0.03,US,sha256:00d3682d9c4a47ee1cf4244a1aadc27a85d77a0c90e2f921832c96259f411612,LIN,0,1054,3,1054,0.04
0.03,0.04,0.0,0,0.0,SAME_ROOT_SAME_TERMINAL,1134,4,1151,0.03,US,sha256:b3b536d363a35ead92915150fb11ac2ff4bf305aee4225de29bc2161dd16f7d3,LIN,0,1134,4,1151,0.04
0.03,0.04,0.0,0,0.0,SAME_ROOT_SAME_TERMINAL,1348,5,1349,0.03,US,sha256:8d996925e8ae12d27f8f937e14a24530b5555d5dd8bbeeb7fec0078d483fa6b1,LIN,0,1348,5,1349,0.04
0.03,0.04,0.0,0,0.0,SAME_ROOT_SAME_TERMINAL,1511,6,1512,0.03,US,sha256:e812413a90df6ccdc802de8169544b384d4dea0567f5e9725ef4e03682b5bad1,LIN,0,1511,6,1512,0.04
0.03,0.04,0.0,0,0.0,SAME_ROOT_SAME_TERMINAL,1980,7,1981,0.03,US,sha256:9cfe52fd2958f66985832380d44b20801e41d5f6623b64ef0e45ab8404f4b906,LIN,0,1980,7,1981,0.04
0.03,0.04,0.0,0,0.0,SAME_ROOT_SAME_TERMINAL,2079,8,2080,0.03,US,sha256:b3e87eede204ffa8728ea0dfef7aff12d28e9d2b2bcfe0da01d54ac6977fe5ae,LIN,0,2079,8,2080,0.04
0.03,0.04,0.0,0,0.0,SAME_ROOT_SAME_TERMINAL,2161,9,2166,0.03,US,sha256:872776b55ea176c0bb46aefa0ce72a84c8d2b2f586c7825abe1f70cae824059f,LIN,0,2161,9,2166,0.04
0.03,0.04,0.0,0,0.0,SAME_ROOT_SAME_TERMINAL,2335,10,2339,0.03,US,sha256:ca4948d32c0e866349ccf543871cebe6d98fd8c73158cf156493ee005df22a78,LIN,0,2335,10,2339,0.04
0.03,0.04,0.0,0,0.0,SAME_ROOT_SAME_TERMINAL,2369,11,2373,0.03,US,sha256:2004706d6c37e83ed3174e9a1362f7c08ce1424638a1dd536ecf74cfcd1fba96,LIN,0,2369,11,2373,0.04
0.03,0.04,,,,ADDED_LIFECYCLE,,,,,US,sha256:1ce892228c084c78f1e8ec0a17f828bfb0c4b6dc4231295e30091aa62f3f27e6,LIN,,464,2,471,0.04
0.04,0.05,0.0,0,0.0,SAME_ROOT_SAME_TERMINAL,44,1,76,0.04,US,sha256:1267a13616a6405cfca020bfe718b3d28eb36f85ff6fae54c438be1f9b652b7c,LIN,0,44,1,76,0.05
0.04,0.05,0.0,0,0.0,SAME_ROOT_SAME_TERMINAL,464,2,471,0.04,US,sha256:1ce892228c084c78f1e8ec0a17f828bfb0c4b6dc4231295e30091aa62f3f27e6,LIN,0,464,2,471,0.05
0.04,0.05,0.0,0,0.0,SAME_ROOT_SAME_TERMINAL,1054,3,1054,0.04,US,sha256:00d3682d9c4a47ee1cf4244a1aadc27a85d77a0c90e2f921832c96259f411612,LIN,0,1054,4,1054,0.05
0.04,0.05,0.0,0,0.0,SAME_ROOT_SAME_TERMINAL,1134,4,1151,0.04,US,sha256:b3b536d363a35ead92915150fb11ac2ff4bf305aee4225de29bc2161dd16f7d3,LIN,0,1134,5,1151,0.05
0.04,0.05,0.0,0,0.0,SAME_ROOT_SAME_TERMINAL,1348,5,1349,0.04,US,sha256:8d996925e8ae12d27f8f937e14a24530b5555d5dd8bbeeb7fec0078d483fa6b1,LIN,0,1348,6,1349,0.05
0.04,0.05,0.0,0,0.0,SAME_ROOT_SAME_TERMINAL,1511,6,1512,0.04,US,sha256:e812413a90df6ccdc802de8169544b384d4dea0567f5e9725ef4e03682b5bad1,LIN,0,1511,8,1512,0.05
0.04,0.05,0.0,0,0.0,SAME_ROOT_SAME_TERMINAL,1980,7,1981,0.04,US,sha256:9cfe52fd2958f66985832380d44b20801e41d5f6623b64ef0e45ab8404f4b906,LIN,0,1980,9,1981,0.05
0.04,0.05,0.0,0,0.0,SAME_ROOT_SAME_TERMINAL,2079,8,2080,0.04,US,sha256:b3e87eede204ffa8728ea0dfef7aff12d28e9d2b2bcfe0da01d54ac6977fe5ae,LIN,0,2079,10,2080,0.05
0.04,0.05,0.0,0,0.0,SAME_ROOT_SAME_TERMINAL,2161,9,2166,0.04,US,sha256:872776b55ea176c0bb46aefa0ce72a84c8d2b2f586c7825abe1f70cae824059f,LIN,0,2161,11,2166,0.05
0.04,0.05,0.0,0,0.0,SAME_ROOT_SAME_TERMINAL,2335,10,2339,0.04,US,sha256:ca4948d32c0e866349ccf543871cebe6d98fd8c73158cf156493ee005df22a78,LIN,0,2335,12,2339,0.05
0.04,0.05,0.0,0,0.0,SAME_ROOT_SAME_TERMINAL,2369,11,2373,0.04,US,sha256:2004706d6c37e83ed3174e9a1362f7c08ce1424638a1dd536ecf74cfcd1fba96,LIN,0,2369,13,2373,0.05
0.04,0.05,,,,ADDED_LIFECYCLE,,,,,US,sha256:2e1b9fc365a282992f470c3578f85e68d56dc7f904a2031d61c26344f73e8299,LIN,,901,3,901,0.05
0.04,0.05,,,,CASCADE_DESCENDANT,,,,,US,sha256:5ba75bdade78000e37ad70c2507095c9aa2941f69a1f87d6d082925b6ba2ab70,LIN,,1379,7,1380,0.05
0.04,0.05,,,,CASCADE_DESCENDANT,,,,,US,sha256:76db186d71acabb28590a7ea06f8998d7a5ce0ae7327228e24c328dd2780bca3,LIN,,2408,14,2409,0.05
0.03,0.04,0.0,0,0.0,SAME_ROOT_SAME_TERMINAL,265,1,265,0.03,US,sha256:f5fce25657a48f0ac618c1c714c9dddeaa7fad7fe9a6dc4e4b9011a88cedb47a,LRCX,0,265,1,265,0.04
0.03,0.04,0.0,0,0.0,SAME_ROOT_SAME_TERMINAL,480,2,482,0.03,US,sha256:1715929f3cb6a829e034b1dd15e329ed46660f75503b4e197f512d595b5be926,LRCX,0,480,2,482,0.04
0.03,0.04,0.0,0,0.0,SAME_ROOT_SAME_TERMINAL,715,3,715,0.03,US,sha256:c9e3fbbd92d22fe951ac98fc8a72fb01eb51b1473bc317347cb48c8cd3d70158,LRCX,0,715,3,715,0.04
0.03,0.04,,,,CASCADE_DESCENDANT,1177,4,1196,0.03,US,sha256:94c302519ef433b3fd7b060ffcc7ba1eed574faf45c05811084b6eaecb59b05a,LRCX,,,,,
0.03,0.04,0.0,0,0.0,SAME_ROOT_SAME_TERMINAL,1273,5,1274,0.03,US,sha256:1efb14b7697c33c068b486270e42642bf0f6e85f9c70dab53fdaeeafbf2dfcd1,LRCX,0,1273,5,1274,0.04
0.03,0.04,0.0,0,0.0,SAME_ROOT_SAME_TERMINAL,1359,6,1359,0.03,US,sha256:3d168d4dc096dc667f9375db30ed733f5c6e52be8ea7523c6ab0b62f4fafca81,LRCX,0,1359,6,1359,0.04
0.03,0.04,0.0,0,0.0,SAME_ROOT_SAME_TERMINAL,1639,7,1643,0.03,US,sha256:143f2d80f30a1c7b9038132a1c6d4890a3d58f91107d4466c6a5e0f13fcdda9c,LRCX,0,1639,7,1643,0.04
0.03,0.04,,,,ADDED_LIFECYCLE,,,,,US,sha256:631505b556f0abfcd65711680aea1748dd5a6af7b974feeaadd4bcdecabbf882,LRCX,,1171,4,1193,0.04
0.04,0.05,0.0,0,0.0,SAME_ROOT_SAME_TERMINAL,265,1,265,0.04,US,sha256:f5fce25657a48f0ac618c1c714c9dddeaa7fad7fe9a6dc4e4b9011a88cedb47a,LRCX,0,265,1,265,0.05
0.04,0.05,0.0,0,0.0,SAME_ROOT_SAME_TERMINAL,480,2,482,0.04,US,sha256:1715929f3cb6a829e034b1dd15e329ed46660f75503b4e197f512d595b5be926,LRCX,0,480,2,482,0.05
0.04,0.05,0.0,0,0.0,SAME_ROOT_SAME_TERMINAL,715,3,715,0.04,US,sha256:c9e3fbbd92d22fe951ac98fc8a72fb01eb51b1473bc317347cb48c8cd3d70158,LRCX,0,715,3,715,0.05
0.04,0.05,0.0,0,0.0,SAME_ROOT_SAME_TERMINAL,1171,4,1193,0.04,US,sha256:631505b556f0abfcd65711680aea1748dd5a6af7b974feeaadd4bcdecabbf882,LRCX,0,1171,5,1193,0.05
0.04,0.05,0.0,0,0.0,SAME_ROOT_SAME_TERMINAL,1273,5,1274,0.04,US,sha256:1efb14b7697c33c068b486270e42642bf0f6e85f9c70dab53fdaeeafbf2dfcd1,LRCX,0,1273,6,1274,0.05
0.04,0.05,0.0,0,0.0,SAME_ROOT_SAME_TERMINAL,1359,6,1359,0.04,US,sha256:3d168d4dc096dc667f9375db30ed733f5c6e52be8ea7523c6ab0b62f4fafca81,LRCX,0,1359,7,1359,0.05
0.04,0.05,0.0,0,0.0,SAME_ROOT_SAME_TERMINAL,1639,7,1643,0.04,US,sha256:143f2d80f30a1c7b9038132a1c6d4890a3d58f91107d4466c6a5e0f13fcdda9c,LRCX,0,1639,8,1643,0.05
0.04,0.05,,,,ADDED_LIFECYCLE,,,,,US,sha256:6e0c0f893342af81bfce262fd038e344f2888a01cec69580c9b72746edda2b4f,LRCX,,761,4,762,0.05
0.03,0.04,0.0,0,0.0,SAME_ROOT_SAME_TERMINAL,984,1,985,0.03,US,sha256:752dfd99a11e35ba0bd46938d9d7166778d155213cf73e4de606ebeae16045e6,META,0,984,2,985,0.04
0.03,0.04,0.0,0,0.0,SAME_ROOT_SAME_TERMINAL,1005,2,1012,0.03,US,sha256:d37b270008898db157cd7c193f91db4cd0cff404eb1b7202687fe04399835da4,META,0,1005,3,1012,0.04
0.03,0.04,,,,CASCADE_DESCENDANT,1184,3,1188,0.03,US,sha256:a841c526c19c5f1ef2ffc77257b0cd4fe2427cd06f66d9bad544359135293608,META,,,,,
0.03,0.04,0.0,0,0.0,SAME_ROOT_SAME_TERMINAL,1831,4,1839,0.03,US,sha256:23cda0525861f7c1c6ce784584fdf28ae9c4740b79760800d1c1ecd3d225bd1c,META,0,1831,5,1839,0.04
0.03,0.04,0.0,0,0.0,SAME_ROOT_SAME_TERMINAL,1926,5,1940,0.03,US,sha256:7106bbb6e635bc6577fdec72f94e2517addc5dfcdc404a9eb39eddc486b52f0f,META,0,1926,6,1940,0.04
0.03,0.04,,,,ADDED_LIFECYCLE,,,,,US,sha256:f908125c849d827f35f3c655ebd1c9181631865b9cc5ad8bbecd3e99d4d2fa23,META,,261,1,264,0.04
0.03,0.04,,,,CASCADE_DESCENDANT,,,,,US,sha256:c4c4e250422ce45f5485e6edc63363eae4d87156d1922cdfea00a87f599641e7,META,,1174,4,1174,0.04
0.04,0.05,,,,CASCADE_DESCENDANT,261,1,264,0.04,US,sha256:f908125c849d827f35f3c655ebd1c9181631865b9cc5ad8bbecd3e99d4d2fa23,META,,,,,
0.04,0.05,0.0,0,0.0,SAME_ROOT_SAME_TERMINAL,984,2,985,0.04,US,sha256:752dfd99a11e35ba0bd46938d9d7166778d155213cf73e4de606ebeae16045e6,META,0,984,5,985,0.05
0.04,0.05,0.0,0,0.0,SAME_ROOT_SAME_TERMINAL,1005,3,1012,0.04,US,sha256:d37b270008898db157cd7c193f91db4cd0cff404eb1b7202687fe04399835da4,META,0,1005,6,1012,0.05
0.04,0.05,,,,CASCADE_DESCENDANT,1174,4,1174,0.04,US,sha256:c4c4e250422ce45f5485e6edc63363eae4d87156d1922cdfea00a87f599641e7,META,,,,,
0.04,0.05,0.0,0,0.0,SAME_ROOT_SAME_TERMINAL,1831,5,1839,0.04,US,sha256:23cda0525861f7c1c6ce784584fdf28ae9c4740b79760800d1c1ecd3d225bd1c,META,0,1831,9,1839,0.05
0.04,0.05,0.0,0,0.0,SAME_ROOT_SAME_TERMINAL,1926,6,1940,0.04,US,sha256:7106bbb6e635bc6577fdec72f94e2517addc5dfcdc404a9eb39eddc486b52f0f,META,0,1926,10,1940,0.05
0.04,0.05,,,,ADDED_LIFECYCLE,,,,,US,sha256:daa55856984f4c39e471c12a963651aa3a028d86eed4296c8ecafaab666f3365,META,,241,1,252,0.05
0.04,0.05,,,,CASCADE_DESCENDANT,,,,,US,sha256:28ee6bf72410551cc3745e137a557c4c76367a29ef8f060ff73b47e56406cecd,META,,293,2,306,0.05
0.04,0.05,,,,CASCADE_DESCENDANT,,,,,US,sha256:71e6f263456a5cb47421a1cac23422870bae9c745728f4e2125e508630fa6734,META,,433,3,434,0.05
0.04,0.05,,,,CASCADE_DESCENDANT,,,,,US,sha256:2e55be2b9b8e3916184e289cdf87a7198d44d7d53b56e561a99c08da2b82e4e9,META,,717,4,720,0.05
0.04,0.05,,,,CASCADE_DESCENDANT,,,,,US,sha256:c2eb09925d721a6209f74773eb4bf1e85b3241ba2c3bbe6c00481e916911327b,META,,1053,7,1059,0.05
0.04,0.05,,,,CASCADE_DESCENDANT,,,,,US,sha256:f6115316a4c001d89621993d6c73d1e18fe2b878048c351cf818bb67b2dd854b,META,,1170,8,1172,0.05
0.03,0.04,,,,CASCADE_DESCENDANT,60,1,60,0.03,US,sha256:81e6fbe9b262f2fdf428541ad18531bbf14ee09871bec7d8f47140a64197c696,MPWR,,,,,
0.03,0.04,0.0,0,0.0,SAME_ROOT_SAME_TERMINAL,133,2,137,0.03,US,sha256:dfad29908f5d2daf9de6daf4babee5a3cc5dcf38b946bec12da12d88a927d7b6,MPWR,0,133,3,137,0.04
0.03,0.04,0.0,0,0.0,SAME_ROOT_SAME_TERMINAL,410,3,411,0.03,US,sha256:5fe5e8274252698e4ee37e9a77dd96fdd69ea197738170d578f6cce3fdbdea8f,MPWR,0,410,4,411,0.04
0.03,0.04,0.0,0,0.0,SAME_ROOT_SAME_TERMINAL,561,4,563,0.03,US,sha256:80abc980754b8893c3e3b5bc718bcbf8fdf7c58dd053aee45ec083ab04d87437,MPWR,0,561,5,563,0.04
0.03,0.04,0.0,0,0.0,SAME_ROOT_SAME_TERMINAL,910,5,910,0.03,US,sha256:38aa55edf42d4546b1d3cf2d10c3b9667899d304496f3ea2e0a437091a5a2252,MPWR,0,910,7,910,0.04
0.03,0.04,0.0,0,0.0,SAME_ROOT_SAME_TERMINAL,1050,6,1051,0.03,US,sha256:7f9e093b0e69ec48ebbc3f46ab8b360cfba7d5dcd0d81e2958ebd59ecce2f5e0,MPWR,0,1050,8,1051,0.04
0.03,0.04,0.0,0,0.0,SAME_ROOT_SAME_TERMINAL,1573,7,1587,0.03,US,sha256:0470ad91488f137a725d08acfbe86f44caae185f9f2edaf9981250e4e51e57b3,MPWR,0,1573,9,1587,0.04
0.03,0.04,0.0,0,0.0,SAME_ROOT_SAME_TERMINAL,1973,8,1974,0.03,US,sha256:cb9356a6d7b8ca4cf962e6adf49e9a657f126c9b90e76838fe1ef870057678ed,MPWR,0,1973,10,1974,0.04
0.03,0.04,0.0,0,0.0,SAME_ROOT_SAME_TERMINAL,2031,9,2033,0.03,US,sha256:9f3557fef11e6b38dcd60148594b1fa45e65129340a28ba8b0db3c9c23a5e01c,MPWR,0,2031,11,2033,0.04
0.03,0.04,0.0,0,0.0,SAME_ROOT_SAME_TERMINAL,2186,10,2188,0.03,US,sha256:6883739ca1f84c1caf5cdfba909731cafc4a80e59f5a3c3a0b19fba284f2032f,MPWR,0,2186,12,2188,0.04
0.03,0.04,0.0,0,0.0,SAME_ROOT_SAME_TERMINAL,2382,11,2383,0.03,US,sha256:16457ed46cb75da1a20c7d4750dd815aa0ed561eb5b76e44cfb5606c2b66c14e,MPWR,0,2382,14,2383,0.04
0.03,0.04,,,,ADDED_LIFECYCLE,,,,,US,sha256:a9984df4016bb5243e0709851c64666d1ac06d21d63fea60a25c160b169e94d8,MPWR,,57,1,57,0.04
0.03,0.04,,,,CASCADE_DESCENDANT,,,,,US,sha256:c653263751497c92feb547808cc46c7a84533df49696c53d31c93d8d86e3e50d,MPWR,,81,2,88,0.04
0.03,0.04,,,,CASCADE_DESCENDANT,,,,,US,sha256:1f0c39f86c7db8324ed8297356f79b359596e7cfd197a421cc28104d07a3647a,MPWR,,683,6,696,0.04
0.03,0.04,,,,CASCADE_DESCENDANT,,,,,US,sha256:2264ae1ae597dc5815a89e58269d2d0092f4c95587cf888fcda5c124edd4c66e,MPWR,,2290,13,2290,0.04
0.04,0.05,0.0,0,0.0,SAME_ROOT_SAME_TERMINAL,57,1,57,0.04,US,sha256:a9984df4016bb5243e0709851c64666d1ac06d21d63fea60a25c160b169e94d8,MPWR,0,57,1,57,0.05
0.04,0.05,0.0,0,0.0,SAME_ROOT_SAME_TERMINAL,81,2,88,0.04,US,sha256:c653263751497c92feb547808cc46c7a84533df49696c53d31c93d8d86e3e50d,MPWR,0,81,2,88,0.05
0.04,0.05,0.0,0,0.0,SAME_ROOT_SAME_TERMINAL,133,3,137,0.04,US,sha256:dfad29908f5d2daf9de6daf4babee5a3cc5dcf38b946bec12da12d88a927d7b6,MPWR,0,133,3,137,0.05
0.04,0.05,0.0,0,0.0,SAME_ROOT_SAME_TERMINAL,410,4,411,0.04,US,sha256:5fe5e8274252698e4ee37e9a77dd96fdd69ea197738170d578f6cce3fdbdea8f,MPWR,0,410,4,411,0.05
0.04,0.05,0.0,0,0.0,SAME_ROOT_SAME_TERMINAL,561,5,563,0.04,US,sha256:80abc980754b8893c3e3b5bc718bcbf8fdf7c58dd053aee45ec083ab04d87437,MPWR,0,561,5,563,0.05
0.04,0.05,0.0,0,0.0,SAME_ROOT_SAME_TERMINAL,683,6,696,0.04,US,sha256:1f0c39f86c7db8324ed8297356f79b359596e7cfd197a421cc28104d07a3647a,MPWR,0,683,6,696,0.05
0.04,0.05,0.0,0,0.0,SAME_ROOT_SAME_TERMINAL,910,7,910,0.04,US,sha256:38aa55edf42d4546b1d3cf2d10c3b9667899d304496f3ea2e0a437091a5a2252,MPWR,0,910,7,910,0.05
0.04,0.05,0.0,0,0.0,SAME_ROOT_SAME_TERMINAL,1050,8,1051,0.04,US,sha256:7f9e093b0e69ec48ebbc3f46ab8b360cfba7d5dcd0d81e2958ebd59ecce2f5e0,MPWR,0,1050,8,1051,0.05
0.04,0.05,0.0,0,0.0,SAME_ROOT_SAME_TERMINAL,1573,9,1587,0.04,US,sha256:0470ad91488f137a725d08acfbe86f44caae185f9f2edaf9981250e4e51e57b3,MPWR,0,1573,9,1587,0.05
0.04,0.05,0.0,0,0.0,SAME_ROOT_SAME_TERMINAL,1973,10,1974,0.04,US,sha256:cb9356a6d7b8ca4cf962e6adf49e9a657f126c9b90e76838fe1ef870057678ed,MPWR,0,1973,12,1974,0.05
0.04,0.05,0.0,0,0.0,SAME_ROOT_SAME_TERMINAL,2031,11,2033,0.04,US,sha256:9f3557fef11e6b38dcd60148594b1fa45e65129340a28ba8b0db3c9c23a5e01c,MPWR,0,2031,13,2033,0.05
0.04,0.05,0.0,0,0.0,SAME_ROOT_SAME_TERMINAL,2186,12,2188,0.04,US,sha256:6883739ca1f84c1caf5cdfba909731cafc4a80e59f5a3c3a0b19fba284f2032f,MPWR,0,2186,14,2188,0.05
0.04,0.05,0.0,0,0.0,SAME_ROOT_SAME_TERMINAL,2290,13,2290,0.04,US,sha256:2264ae1ae597dc5815a89e58269d2d0092f4c95587cf888fcda5c124edd4c66e,MPWR,0,2290,15,2290,0.05
0.04,0.05,0.0,0,0.0,SAME_ROOT_SAME_TERMINAL,2382,14,2383,0.04,US,sha256:16457ed46cb75da1a20c7d4750dd815aa0ed561eb5b76e44cfb5606c2b66c14e,MPWR,0,2382,16,2383,0.05
0.04,0.05,,,,ADDED_LIFECYCLE,,,,,US,sha256:4cc018faeb4560e7f2c11d3ae814e3c7d96039ec6431b4b0e9022e08232ea975,MPWR,,1638,10,1640,0.05
0.04,0.05,,,,CASCADE_DESCENDANT,,,,,US,sha256:19147d7027d5731535dd74aaee9c185aa6e753784378227852b6dae9f84408fb,MPWR,,1910,11,1916,0.05
0.03,0.04,,,,CASCADE_DESCENDANT,224,1,224,0.03,US,sha256:8d3ee650205fcf4df3a67015a5f1f8e73fa40cdeb6d2ba9ddaf43ef0dadb7fb6,MRVL,,,,,
0.03,0.04,0.0,0,0.0,SAME_ROOT_SAME_TERMINAL,413,2,414,0.03,US,sha256:14285f088c60d1f5fb1598719614eeee03894bc4cda4699a07d645cb06c79e0b,MRVL,0,413,3,414,0.04
0.03,0.04,0.0,0,0.0,SAME_ROOT_SAME_TERMINAL,645,3,645,0.03,US,sha256:58b8c1c834ca4089bf6b8a285f3d0d45965d55d08991d3d5dc1ee136de82e24e,MRVL,0,645,4,645,0.04
0.03,0.04,,,,ADDED_LIFECYCLE,,,,,US,sha256:2aa7aeb1f50238395cb9a649cc4ec3bcf0fd8ff4cdd96e2cde4131b59453192f,MRVL,,139,1,142,0.04
0.03,0.04,,,,CASCADE_DESCENDANT,,,,,US,sha256:17fd40b542823ab12e901ce69c933967d225a7a27fbf28d906334732e42daae5,MRVL,,218,2,218,0.04
0.03,0.04,,,,CASCADE_DESCENDANT,,,,,US,sha256:61842246fc14acb39eb670d533d612dabd6fcadf2559b204ce17c076e8d7868c,MRVL,,1201,5,1204,0.04
0.03,0.04,,,,CASCADE_DESCENDANT,,,,,US,sha256:3c90cfc37b82ac1a6df532c543b7fe04b391004aa99a2372ac513c1cd6d8b210,MRVL,,1652,6,1652,0.04
0.03,0.04,,,,CASCADE_DESCENDANT,,,,,US,sha256:92cd6fd1669c7ca2b34da1e16bfc45ecb24e4f4982cc9b083046eb72583bf0ca,MRVL,,1894,7,1900,0.04
0.04,0.05,0.0,0,0.0,SAME_ROOT_SAME_TERMINAL,139,1,142,0.04,US,sha256:2aa7aeb1f50238395cb9a649cc4ec3bcf0fd8ff4cdd96e2cde4131b59453192f,MRVL,0,139,1,142,0.05
0.04,0.05,0.0,0,0.0,SAME_ROOT_SAME_TERMINAL,218,2,218,0.04,US,sha256:17fd40b542823ab12e901ce69c933967d225a7a27fbf28d906334732e42daae5,MRVL,0,218,2,218,0.05
0.04,0.05,0.0,0,0.0,SAME_ROOT_SAME_TERMINAL,413,3,414,0.04,US,sha256:14285f088c60d1f5fb1598719614eeee03894bc4cda4699a07d645cb06c79e0b,MRVL,0,413,3,414,0.05
0.04,0.05,0.0,0,0.0,SAME_ROOT_SAME_TERMINAL,645,4,645,0.04,US,sha256:58b8c1c834ca4089bf6b8a285f3d0d45965d55d08991d3d5dc1ee136de82e24e,MRVL,0,645,4,645,0.05
0.04,0.05,0.0,0,0.0,SAME_ROOT_SAME_TERMINAL,1201,5,1204,0.04,US,sha256:61842246fc14acb39eb670d533d612dabd6fcadf2559b204ce17c076e8d7868c,MRVL,0,1201,5,1204,0.05
0.04,0.05,0.0,0,0.0,SAME_ROOT_SAME_TERMINAL,1652,6,1652,0.04,US,sha256:3c90cfc37b82ac1a6df532c543b7fe04b391004aa99a2372ac513c1cd6d8b210,MRVL,0,1652,7,1652,0.05
0.04,0.05,0.0,0,0.0,SAME_ROOT_SAME_TERMINAL,1894,7,1900,0.04,US,sha256:92cd6fd1669c7ca2b34da1e16bfc45ecb24e4f4982cc9b083046eb72583bf0ca,MRVL,0,1894,8,1900,0.05
0.04,0.05,,,,ADDED_LIFECYCLE,,,,,US,sha256:1358eeeab7763544aa913e5cb02bbc357574c78da5caa0be9bf21bc57b6c5108,MRVL,,1592,6,1604,0.05
0.03,0.04,0.0,0,0.0,SAME_ROOT_SAME_TERMINAL,62,1,69,0.03,US,sha256:1387a8a1069e76652dc480e808db1f6072b83d84eb0fd204afcb01063ead7a6c,NUE,0,62,1,69,0.04
0.03,0.04,0.0,0,0.0,SAME_ROOT_SAME_TERMINAL,103,2,113,0.03,US,sha256:91612b13012ff12ad4b2dcca3ab3efb721b63ff989606a28e4cc370c0c3d88c1,NUE,0,103,2,113,0.04
0.03,0.04,0.0,0,0.0,SAME_ROOT_SAME_TERMINAL,887,3,910,0.03,US,sha256:225921a0bf710f925e3e2416293ad5d02791a8579ca55776a658ee324045ea8d,NUE,0,887,4,910,0.04
0.03,0.04,0.0,0,0.0,SAME_ROOT_SAME_TERMINAL,1677,4,1682,0.03,US,sha256:7dd1323ccad6804c5655925aaef939f7a162550f4f63fe91e3f9eb269c4ddaa8,NUE,0,1677,7,1682,0.04
0.03,0.04,0.0,0,0.0,SAME_ROOT_SAME_TERMINAL,2171,5,2171,0.03,US,sha256:baeb574d3f77ecd8ca276618e79298283c62bf2bbb0bea31b0cf78c108b24c23,NUE,0,2171,8,2171,0.04
0.03,0.04,0.0,0,0.0,SAME_ROOT_SAME_TERMINAL,2268,6,2269,0.03,US,sha256:4b5f36d0244f72435d13723ffee38cb263a7e21065d63e99045b0dbeb25c1e37,NUE,0,2268,9,2269,0.04
0.03,0.04,,,,ADDED_LIFECYCLE,,,,,US,sha256:38fae6bcf5e75138027e7e33f4a3d685dbf02f488a36cd26e1fdcede1674a8b2,NUE,,198,3,198,0.04
0.03,0.04,,,,CASCADE_DESCENDANT,,,,,US,sha256:f550efc3584b49c780fbbee2ad840badee895c68dbb41a2d75273e6cf5983f38,NUE,,1251,5,1261,0.04
0.03,0.04,,,,CASCADE_DESCENDANT,,,,,US,sha256:6546ce1d22057b8d27c402e5404767f89bfc263aac082521c89bd7b0b588d7e3,NUE,,1573,6,1574,0.04
0.04,0.05,0.0,0,0.0,SAME_ROOT_SAME_TERMINAL,62,1,69,0.04,US,sha256:1387a8a1069e76652dc480e808db1f6072b83d84eb0fd204afcb01063ead7a6c,NUE,0,62,1,69,0.05
0.04,0.05,0.0,0,0.0,SAME_ROOT_SAME_TERMINAL,103,2,113,0.04,US,sha256:91612b13012ff12ad4b2dcca3ab3efb721b63ff989606a28e4cc370c0c3d88c1,NUE,0,103,2,113,0.05
0.04,0.05,0.0,0,0.0,SAME_ROOT_SAME_TERMINAL,198,3,198,0.04,US,sha256:38fae6bcf5e75138027e7e33f4a3d685dbf02f488a36cd26e1fdcede1674a8b2,NUE,0,198,3,198,0.05
0.04,0.05,0.0,0,0.0,SAME_ROOT_SAME_TERMINAL,887,4,910,0.04,US,sha256:225921a0bf710f925e3e2416293ad5d02791a8579ca55776a658ee324045ea8d,NUE,0,887,5,910,0.05
0.04,0.05,0.0,0,0.0,SAME_ROOT_SAME_TERMINAL,1251,5,1261,0.04,US,sha256:f550efc3584b49c780fbbee2ad840badee895c68dbb41a2d75273e6cf5983f38,NUE,0,1251,8,1261,0.05
0.04,0.05,0.0,0,0.0,SAME_ROOT_SAME_TERMINAL,1573,6,1574,0.04,US,sha256:6546ce1d22057b8d27c402e5404767f89bfc263aac082521c89bd7b0b588d7e3,NUE,0,1573,9,1574,0.05
0.04,0.05,,,,CASCADE_DESCENDANT,1677,7,1682,0.04,US,sha256:7dd1323ccad6804c5655925aaef939f7a162550f4f63fe91e3f9eb269c4ddaa8,NUE,,,,,
0.04,0.05,0.0,0,0.0,SAME_ROOT_SAME_TERMINAL,2171,8,2171,0.04,US,sha256:baeb574d3f77ecd8ca276618e79298283c62bf2bbb0bea31b0cf78c108b24c23,NUE,0,2171,13,2171,0.05
0.04,0.05,0.0,0,0.0,SAME_ROOT_SAME_TERMINAL,2268,9,2269,0.04,US,sha256:4b5f36d0244f72435d13723ffee38cb263a7e21065d63e99045b0dbeb25c1e37,NUE,0,2268,14,2269,0.05
0.04,0.05,,,,ADDED_LIFECYCLE,,,,,US,sha256:a47fd3325853c73b22979d199502e834bf4b82d11457f33fa7e4aa0322aae8d3,NUE,,396,4,407,0.05
0.04,0.05,,,,CASCADE_DESCENDANT,,,,,US,sha256:137ccf95c1afd666e7c668b916122cd3d130bec8ed0b97a53c04d090c4c04291,NUE,,954,6,958,0.05
0.04,0.05,,,,CASCADE_DESCENDANT,,,,,US,sha256:d67cec522e46784d768c34b6baa5a2868a5e9dbfaf5e901e77f0824e24163d05,NUE,,980,7,980,0.05
0.04,0.05,,,,CASCADE_DESCENDANT,,,,,US,sha256:fc466aa86e7e1da73aca5828e101644454beaa3d81e553cfa5445f58b7892ac4,NUE,,1676,10,1686,0.05
0.04,0.05,,,,CASCADE_DESCENDANT,,,,,US,sha256:61b1e6f165369e90ab7369409b5fe6b4c4232e7c33e247e2673aa88d77d1df11,NUE,,1920,11,1921,0.05
0.04,0.05,,,,CASCADE_DESCENDANT,,,,,US,sha256:60647f2d342358810091c3184e7dd6cc575c542176ca105a28fe19e3be208be3,NUE,,1979,12,1998,0.05
0.03,0.04,0.0,0,0.0,SAME_ROOT_SAME_TERMINAL,1282,1,1287,0.03,US,sha256:5be788dd25308b810970dcd4ee5a027dfda979e74d3b1f0ba84461d57b1e15cf,QCOM,0,1282,4,1287,0.04
0.03,0.04,0.0,0,0.0,SAME_ROOT_SAME_TERMINAL,1305,2,1306,0.03,US,sha256:befab1319d3886c19412f1c66b4b5345b39fad7548cd7e4c5c669d27420fa359,QCOM,0,1305,5,1306,0.04
0.03,0.04,0.0,0,0.0,SAME_ROOT_SAME_TERMINAL,1708,3,1714,0.03,US,sha256:916d3cda4f7c54a64f5eeeba19a76c5b05f786533b5d3269a532d46dc8d4822b,QCOM,0,1708,7,1714,0.04
0.03,0.04,0.0,0,0.0,SAME_ROOT_SAME_TERMINAL,1975,4,1978,0.03,US,sha256:e77fae379c0327c30c316e2261ed1055b64d25926c568a087392390bf98013bf,QCOM,0,1975,8,1978,0.04
0.03,0.04,0.0,0,0.0,SAME_ROOT_SAME_TERMINAL,2164,5,2187,0.03,US,sha256:8603b604134699b03c629aa238e5d96490d76c61a8c1b0c63ad531fd616429a9,QCOM,0,2164,9,2187,0.04
0.03,0.04,,,,ADDED_LIFECYCLE,,,,,US,sha256:ff6adeef28d3d59d70490482dc31ab4605f8cc08cae5fa9e0cf8326787c47762,QCOM,,200,1,203,0.04
0.03,0.04,,,,CASCADE_DESCENDANT,,,,,US,sha256:6cc3f009f02ce2225ee90c3c3b0e11ac543eec378d9b9bc3c98120f3d3ad8b9e,QCOM,,294,2,299,0.04
0.03,0.04,,,,CASCADE_DESCENDANT,,,,,US,sha256:4d496bb3530fd928222b5de360b487938c621785454109aff0617f0aa177103a,QCOM,,1176,3,1185,0.04
0.03,0.04,,,,CASCADE_DESCENDANT,,,,,US,sha256:5360db39ebf2495e1fbb7217488ee44cede05116f21d413eaa7ac34306ba5a40,QCOM,,1650,6,1651,0.04
0.04,0.05,0.0,0,0.0,SAME_ROOT_SAME_TERMINAL,200,1,203,0.04,US,sha256:ff6adeef28d3d59d70490482dc31ab4605f8cc08cae5fa9e0cf8326787c47762,QCOM,0,200,1,203,0.05
0.04,0.05,0.0,0,0.0,SAME_ROOT_SAME_TERMINAL,294,2,299,0.04,US,sha256:6cc3f009f02ce2225ee90c3c3b0e11ac543eec378d9b9bc3c98120f3d3ad8b9e,QCOM,0,294,3,299,0.05
0.04,0.05,,,,CASCADE_DESCENDANT,1176,3,1185,0.04,US,sha256:4d496bb3530fd928222b5de360b487938c621785454109aff0617f0aa177103a,QCOM,,,,,
0.04,0.05,0.0,0,0.0,SAME_ROOT_SAME_TERMINAL,1282,4,1287,0.04,US,sha256:5be788dd25308b810970dcd4ee5a027dfda979e74d3b1f0ba84461d57b1e15cf,QCOM,0,1282,6,1287,0.05
0.04,0.05,0.0,0,0.0,SAME_ROOT_SAME_TERMINAL,1305,5,1306,0.04,US,sha256:befab1319d3886c19412f1c66b4b5345b39fad7548cd7e4c5c669d27420fa359,QCOM,0,1305,7,1306,0.05
0.04,0.05,0.0,0,0.0,SAME_ROOT_SAME_TERMINAL,1650,6,1651,0.04,US,sha256:5360db39ebf2495e1fbb7217488ee44cede05116f21d413eaa7ac34306ba5a40,QCOM,0,1650,9,1651,0.05
0.04,0.05,0.0,0,0.0,SAME_ROOT_SAME_TERMINAL,1708,7,1714,0.04,US,sha256:916d3cda4f7c54a64f5eeeba19a76c5b05f786533b5d3269a532d46dc8d4822b,QCOM,0,1708,10,1714,0.05
0.04,0.05,0.0,0,0.0,SAME_ROOT_SAME_TERMINAL,1975,8,1978,0.04,US,sha256:e77fae379c0327c30c316e2261ed1055b64d25926c568a087392390bf98013bf,QCOM,0,1975,11,1978,0.05
0.04,0.05,0.0,0,0.0,SAME_ROOT_SAME_TERMINAL,2164,9,2187,0.04,US,sha256:8603b604134699b03c629aa238e5d96490d76c61a8c1b0c63ad531fd616429a9,QCOM,0,2164,12,2187,0.05
0.04,0.05,,,,ADDED_LIFECYCLE,,,,,US,sha256:476278f19754a83e1c48eda21d0793b0618772f1333db096bc7bf21b47dd6948,QCOM,,259,2,274,0.05
0.04,0.05,,,,CASCADE_DESCENDANT,,,,,US,sha256:b0877b1c0da63866d52dc6fb28f47bf6c92205133ae1fe46c9ce3cb5ecf5c5b7,QCOM,,949,4,949,0.05
0.04,0.05,,,,CASCADE_DESCENDANT,,,,,US,sha256:9f84c30c2ace81b6ded62247fc01c0e87648c14d018ec261ce51c6cb648b0341,QCOM,,1171,5,1185,0.05
0.04,0.05,,,,CASCADE_DESCENDANT,,,,,US,sha256:de47cbeb6fa53b9781b099c4de17de1b5690444813cc58787923e92263a70a2e,QCOM,,1359,8,1373,0.05
0.04,0.05,,,,CASCADE_DESCENDANT,,,,,US,sha256:b7ebe549b976b98fe78c2db64fbf7a385c72580c12f35f257b9e8a7aad4013b4,QCOM,,2383,13,2384,0.05
0.03,0.04,0.0,0,0.0,SAME_ROOT_SAME_TERMINAL,571,1,581,0.03,US,sha256:630b928645cd1b3dca92672f57fe1a477fd27bb48e97e927dba45006e8a7b152,QLYS,0,571,2,581,0.04
0.03,0.04,0.0,0,0.0,SAME_ROOT_SAME_TERMINAL,640,2,650,0.03,US,sha256:28959d4f6d7581a287740469427755461a7e1bf72e09260f50c73afe755aae7c,QLYS,0,640,3,650,0.04
0.03,0.04,0.0,0,0.0,SAME_ROOT_SAME_TERMINAL,990,3,998,0.03,US,sha256:797a89190b41a6eeb6f70aad0d6a04a7694c434eae17c5bfaf5afd6fec187a90,QLYS,0,990,6,998,0.04
0.03,0.04,0.0,0,0.0,SAME_ROOT_SAME_TERMINAL,1097,4,1098,0.03,US,sha256:a1d1bc7dc282c02045e295e3dd040bc89722cd2fb0f2ab3090b09e2dbe1914dc,QLYS,0,1097,7,1098,0.04
0.03,0.04,0.0,0,0.0,SAME_ROOT_SAME_TERMINAL,1300,5,1307,0.03,US,sha256:790b06c0820cb091a1d5ad628541bcc2afe9a528813cce24fa8f62e165e40700,QLYS,0,1300,10,1307,0.04
0.03,0.04,0.0,0,0.0,SAME_ROOT_SAME_TERMINAL,1709,6,1709,0.03,US,sha256:cfe8e25bc95d62683186616cf22685a2bc7f81eb86ef3665a6183d807dcf40af,QLYS,0,1709,12,1709,0.04
0.03,0.04,,,,CASCADE_DESCENDANT,1835,7,1848,0.03,US,sha256:654450db7584c780cd8c07609b1e0500c7c7dd6a14434db612b268f5d21d9870,QLYS,,,,,
0.03,0.04,,,,ADDED_LIFECYCLE,,,,,US,sha256:c12e88b3c1beecc94462885b2c0f9154e0566e789f510093cc2bc8cf3858d124,QLYS,,150,1,150,0.04
0.03,0.04,,,,CASCADE_DESCENDANT,,,,,US,sha256:77bc5522d26a0385a207c35d32ef6c2d9a0331ead9f407c497711122c3884bed,QLYS,,711,4,711,0.04
0.03,0.04,,,,CASCADE_DESCENDANT,,,,,US,sha256:5982d2b166533ead68f2132c83443c1afa6e2e63f0c72cb5da2d9305362a7a49,QLYS,,762,5,780,0.04
0.03,0.04,,,,CASCADE_DESCENDANT,,,,,US,sha256:47202ec3e31b1e3491b4fe3ede5516372f8345c8053b1194f0242689fe518d07,QLYS,,1125,8,1133,0.04
0.03,0.04,,,,CASCADE_DESCENDANT,,,,,US,sha256:c3f8af1c3a6477d71d8113ec8fc2ecdc591816c0758a41c125d35aa5692763aa,QLYS,,1262,9,1267,0.04
0.03,0.04,,,,CASCADE_DESCENDANT,,,,,US,sha256:2a4b09bd618dccf19c74e943470fb543762ae8a45a687001bd25d00939288856,QLYS,,1387,11,1409,0.04
0.03,0.04,,,,CASCADE_DESCENDANT,,,,,US,sha256:0845b4fa09a81624051af61e2dd503e8183a82ba73d3c4d1a229c8c5d8d092f3,QLYS,,1824,13,1848,0.04
0.03,0.04,,,,CASCADE_DESCENDANT,,,,,US,sha256:b334c84475b16e6642ec25856021a63b3c23f4af8ee9f04ee3f0cdfbc0d18cdb,QLYS,,1902,14,1904,0.04
0.04,0.05,,,,CASCADE_DESCENDANT,150,1,150,0.04,US,sha256:c12e88b3c1beecc94462885b2c0f9154e0566e789f510093cc2bc8cf3858d124,QLYS,,,,,
0.04,0.05,0.0,0,0.0,SAME_ROOT_SAME_TERMINAL,571,2,581,0.04,US,sha256:630b928645cd1b3dca92672f57fe1a477fd27bb48e97e927dba45006e8a7b152,QLYS,0,571,2,581,0.05
0.04,0.05,0.0,0,0.0,SAME_ROOT_SAME_TERMINAL,640,3,650,0.04,US,sha256:28959d4f6d7581a287740469427755461a7e1bf72e09260f50c73afe755aae7c,QLYS,0,640,3,650,0.05
0.04,0.05,,,,CASCADE_DESCENDANT,711,4,711,0.04,US,sha256:77bc5522d26a0385a207c35d32ef6c2d9a0331ead9f407c497711122c3884bed,QLYS,,,,,
0.04,0.05,0.0,0,0.0,SAME_ROOT_SAME_TERMINAL,762,5,780,0.04,US,sha256:5982d2b166533ead68f2132c83443c1afa6e2e63f0c72cb5da2d9305362a7a49,QLYS,0,762,5,780,0.05
0.04,0.05,0.0,0,0.0,SAME_ROOT_SAME_TERMINAL,990,6,998,0.04,US,sha256:797a89190b41a6eeb6f70aad0d6a04a7694c434eae17c5bfaf5afd6fec187a90,QLYS,0,990,6,998,0.05
0.04,0.05,0.0,0,0.0,SAME_ROOT_SAME_TERMINAL,1097,7,1098,0.04,US,sha256:a1d1bc7dc282c02045e295e3dd040bc89722cd2fb0f2ab3090b09e2dbe1914dc,QLYS,0,1097,7,1098,0.05
0.04,0.05,0.0,0,0.0,SAME_ROOT_SAME_TERMINAL,1125,8,1133,0.04,US,sha256:47202ec3e31b1e3491b4fe3ede5516372f8345c8053b1194f0242689fe518d07,QLYS,0,1125,8,1133,0.05
0.04,0.05,0.0,0,0.0,SAME_ROOT_SAME_TERMINAL,1262,9,1267,0.04,US,sha256:c3f8af1c3a6477d71d8113ec8fc2ecdc591816c0758a41c125d35aa5692763aa,QLYS,0,1262,9,1267,0.05
0.04,0.05,0.0,0,0.0,SAME_ROOT_SAME_TERMINAL,1300,10,1307,0.04,US,sha256:790b06c0820cb091a1d5ad628541bcc2afe9a528813cce24fa8f62e165e40700,QLYS,0,1300,10,1307,0.05
0.04,0.05,0.0,0,0.0,SAME_ROOT_SAME_TERMINAL,1387,11,1409,0.04,US,sha256:2a4b09bd618dccf19c74e943470fb543762ae8a45a687001bd25d00939288856,QLYS,0,1387,11,1409,0.05
0.04,0.05,0.0,0,0.0,SAME_ROOT_SAME_TERMINAL,1709,12,1709,0.04,US,sha256:cfe8e25bc95d62683186616cf22685a2bc7f81eb86ef3665a6183d807dcf40af,QLYS,0,1709,13,1709,0.05
0.04,0.05,0.0,0,0.0,SAME_ROOT_SAME_TERMINAL,1824,13,1848,0.04,US,sha256:0845b4fa09a81624051af61e2dd503e8183a82ba73d3c4d1a229c8c5d8d092f3,QLYS,0,1824,14,1848,0.05
0.04,0.05,0.0,0,0.0,SAME_ROOT_SAME_TERMINAL,1902,14,1904,0.04,US,sha256:b334c84475b16e6642ec25856021a63b3c23f4af8ee9f04ee3f0cdfbc0d18cdb,QLYS,0,1902,15,1904,0.05
0.04,0.05,,,,ADDED_LIFECYCLE,,,,,US,sha256:ad47e75d620b0719f8a9e6b3d249c9f0c3c64464783bd276f2cf95ad8aef9370,QLYS,,143,1,147,0.05
0.04,0.05,,,,CASCADE_DESCENDANT,,,,,US,sha256:e8ed97f9b93386594ffb2dafaf1b6ad5a150ed09f5357fb9b1eface6f761b27d,QLYS,,705,4,711,0.05
0.04,0.05,,,,CASCADE_DESCENDANT,,,,,US,sha256:0adfafe5b268a8f4df7037d7bcfa2f308efc4738626da3f20fe38753801dfeca,QLYS,,1581,12,1587,0.05
0.03,0.04,0.0,0,0.0,SAME_ROOT_SAME_TERMINAL,36,1,36,0.03,US,sha256:50d21538d6060b376df234c82a3bcc454ca389ead05f94daba6cbcde5ee11615,QTWO,0,36,1,36,0.04
0.03,0.04,,,,CASCADE_DESCENDANT,78,2,78,0.03,US,sha256:1ab017f6f4b697429c3282ca8cdd948f44d1ab652fb3983e60e5d8c2cb253806,QTWO,,,,,
0.03,0.04,0.0,0,0.0,SAME_ROOT_SAME_TERMINAL,120,3,121,0.03,US,sha256:66abbb8af97da61e1dffd0da9a46c576e30122e1ccb18b7ca75623c0dbb5e0ba,QTWO,0,120,3,121,0.04
0.03,0.04,0.0,0,0.0,SAME_ROOT_SAME_TERMINAL,193,4,194,0.03,US,sha256:b315489bc205e25bafc00f25a67a700dd9eb5644c3db0a3ab6dabe3760671c2b,QTWO,0,193,4,194,0.04
0.03,0.04,0.0,0,0.0,SAME_ROOT_SAME_TERMINAL,280,5,280,0.03,US,sha256:b7f4082167d90eb2d595b9a9762afe33df3fc0b4c28e35dba5cf8285ec9753a9,QTWO,0,280,6,280,0.04
0.03,0.04,0.0,0,0.0,SAME_ROOT_SAME_TERMINAL,420,6,423,0.03,US,sha256:b369e10b4496485de537d8e5cc000c89a78b1e6ec436789ff24e1cfaf100ef39,QTWO,0,420,8,423,0.04
0.03,0.04,0.0,0,0.0,SAME_ROOT_SAME_TERMINAL,569,7,578,0.03,US,sha256:1d3bfa2b7a42dbf1625beb96260a6cea931825af286cd943134ee11719885ab0,QTWO,0,569,9,578,0.04
0.03,0.04,,,,CASCADE_DESCENDANT,1107,8,1108,0.03,US,sha256:a0b99e528ff5ab20ea4b9a3e851632824e6ced95930f24f3f4fb51bf4c51b799,QTWO,,,,,
0.03,0.04,0.0,0,0.0,SAME_ROOT_SAME_TERMINAL,1312,9,1331,0.03,US,sha256:86376ee4e909ebac71137e3bbf45b176678cc54f93753e4f102057888322c071,QTWO,0,1312,11,1331,0.04
0.03,0.04,,,,ADDED_LIFECYCLE,,,,,US,sha256:b232fb56d695cb0035dc36878d7040e17f482b6f019c9c9186e7046340ae8e50,QTWO,,70,2,76,0.04
0.03,0.04,,,,CASCADE_DESCENDANT,,,,,US,sha256:8d50af5dd9f46689dee7cb1ae12c478f321d9ef29fca81f7b5fded6bcf12627a,QTWO,,206,5,217,0.04
0.03,0.04,,,,CASCADE_DESCENDANT,,,,,US,sha256:204e70c91cd16a991e9c8edcb7c24b2dcbe772721d44442937165b4dc785bf66,QTWO,,329,7,330,0.04
0.03,0.04,,,,CASCADE_DESCENDANT,,,,,US,sha256:1e34f0c8637d53104379e470b3c6bbcd3230a4a02ebf2e77e445ab8d8cec2bb7,QTWO,,1100,10,1101,0.04
0.03,0.04,,,,CASCADE_DESCENDANT,,,,,US,sha256:fa89a1ccd6d4b821ac5cf1715c6921efbcb0b7629342439fb150c40873b6c7cd,QTWO,,1529,12,1529,0.04
0.03,0.04,,,,CASCADE_DESCENDANT,,,,,US,sha256:e56bdc89af04d5bf34698f3a4bb9b957b047e9d83c6e05a6e7d0d9929be473a5,QTWO,,2341,13,2345,0.04
0.04,0.05,0.0,0,0.0,SAME_ROOT_SAME_TERMINAL,36,1,36,0.04,US,sha256:50d21538d6060b376df234c82a3bcc454ca389ead05f94daba6cbcde5ee11615,QTWO,0,36,1,36,0.05
0.04,0.05,0.0,0,0.0,SAME_ROOT_SAME_TERMINAL,70,2,76,0.04,US,sha256:b232fb56d695cb0035dc36878d7040e17f482b6f019c9c9186e7046340ae8e50,QTWO,0,70,2,76,0.05
0.04,0.05,0.0,0,0.0,SAME_ROOT_SAME_TERMINAL,120,3,121,0.04,US,sha256:66abbb8af97da61e1dffd0da9a46c576e30122e1ccb18b7ca75623c0dbb5e0ba,QTWO,0,120,3,121,0.05
0.04,0.05,0.0,0,0.0,SAME_ROOT_SAME_TERMINAL,193,4,194,0.04,US,sha256:b315489bc205e25bafc00f25a67a700dd9eb5644c3db0a3ab6dabe3760671c2b,QTWO,0,193,4,194,0.05
0.04,0.05,0.0,0,0.0,SAME_ROOT_SAME_TERMINAL,206,5,217,0.04,US,sha256:8d50af5dd9f46689dee7cb1ae12c478f321d9ef29fca81f7b5fded6bcf12627a,QTWO,0,206,5,217,0.05
0.04,0.05,0.0,0,0.0,SAME_ROOT_SAME_TERMINAL,280,6,280,0.04,US,sha256:b7f4082167d90eb2d595b9a9762afe33df3fc0b4c28e35dba5cf8285ec9753a9,QTWO,0,280,6,280,0.05
0.04,0.05,0.0,0,0.0,SAME_ROOT_SAME_TERMINAL,329,7,330,0.04,US,sha256:204e70c91cd16a991e9c8edcb7c24b2dcbe772721d44442937165b4dc785bf66,QTWO,0,329,7,330,0.05
0.04,0.05,0.0,0,0.0,SAME_ROOT_SAME_TERMINAL,420,8,423,0.04,US,sha256:b369e10b4496485de537d8e5cc000c89a78b1e6ec436789ff24e1cfaf100ef39,QTWO,0,420,8,423,0.05
0.04,0.05,0.0,0,0.0,SAME_ROOT_SAME_TERMINAL,569,9,578,0.04,US,sha256:1d3bfa2b7a42dbf1625beb96260a6cea931825af286cd943134ee11719885ab0,QTWO,0,569,9,578,0.05
0.04,0.05,0.0,0,0.0,SAME_ROOT_SAME_TERMINAL,1100,10,1101,0.04,US,sha256:1e34f0c8637d53104379e470b3c6bbcd3230a4a02ebf2e77e445ab8d8cec2bb7,QTWO,0,1100,10,1101,0.05
0.04,0.05,0.0,0,0.0,SAME_ROOT_SAME_TERMINAL,1312,11,1331,0.04,US,sha256:86376ee4e909ebac71137e3bbf45b176678cc54f93753e4f102057888322c071,QTWO,0,1312,11,1331,0.05
0.04,0.05,0.0,0,0.0,SAME_ROOT_SAME_TERMINAL,1529,12,1529,0.04,US,sha256:fa89a1ccd6d4b821ac5cf1715c6921efbcb0b7629342439fb150c40873b6c7cd,QTWO,0,1529,12,1529,0.05
0.04,0.05,0.0,0,0.0,SAME_ROOT_SAME_TERMINAL,2341,13,2345,0.04,US,sha256:e56bdc89af04d5bf34698f3a4bb9b957b047e9d83c6e05a6e7d0d9929be473a5,QTWO,0,2341,15,2345,0.05
0.04,0.05,,,,ADDED_LIFECYCLE,,,,,US,sha256:8eb52049f713e8d94e21e836b9cb9f087a5a0eabb0baa71f33d9b8fa66792aab,QTWO,,1672,13,1688,0.05
0.04,0.05,,,,CASCADE_DESCENDANT,,,,,US,sha256:284026145bcded07a3ca06d3c801115306db648e472bdbffd2730091eb7bf908,QTWO,,2139,14,2155,0.05
0.03,0.04,0.0,0,0.0,SAME_ROOT_SAME_TERMINAL,214,1,222,0.03,US,sha256:3a32f738402363350958887d83303000366382604f2bb86e52c8459bf989a0c1,ROST,0,214,1,222,0.04
0.03,0.04,0.0,0,0.0,SAME_ROOT_SAME_TERMINAL,320,2,331,0.03,US,sha256:d5440ba471b5577a687b6cc1efe99c7b0f6e317bfb3f196821dadb73eee797ed,ROST,0,320,2,331,0.04
0.03,0.04,0.0,0,0.0,SAME_ROOT_SAME_TERMINAL,455,3,464,0.03,US,sha256:90adf90b752aa89468128408f193c88c035594b3474b7e4d5c856d200889939e,ROST,0,455,3,464,0.04
0.03,0.04,0.0,0,0.0,SAME_ROOT_SAME_TERMINAL,663,4,672,0.03,US,sha256:7245481592d95ad853e8d145ffe88f0c2d7cd3c0635114838d5233d43d4171b2,ROST,0,663,5,672,0.04
0.03,0.04,0.0,0,0.0,SAME_ROOT_SAME_TERMINAL,1540,5,1545,0.03,US,sha256:319fd503b01cf5252603888ec931bdd3346bab79ac03c37c8e0942a86b6b528a,ROST,0,1540,11,1545,0.04
0.03,0.04,,,,CASCADE_DESCENDANT,1605,6,1633,0.03,US,sha256:0c9b978973d3576df0c367acbb346baad26cbbbee0387f765c3257ac6e9663fa,ROST,,,,,
0.03,0.04,0.0,0,0.0,SAME_ROOT_SAME_TERMINAL,1963,7,1964,0.03,US,sha256:f5977db1bacc7dcf904dc953c9be653ac9f3052cc5741f8f7b7a13ccd9780e96,ROST,0,1963,13,1964,0.04
0.03,0.04,0.0,0,0.0,SAME_ROOT_SAME_TERMINAL,2204,8,2206,0.03,US,sha256:5fb80c2ef53b2bc3259b027c7eb2a59bb25d9d33df23041b75b5b6595b89290f,ROST,0,2204,14,2206,0.04
0.03,0.04,,,,ADDED_LIFECYCLE,,,,,US,sha256:999a3632a9eff245983c22a6207f137f12992ce464826009bff01d4b0982dc38,ROST,,573,4,573,0.04
0.03,0.04,,,,CASCADE_DESCENDANT,,,,,US,sha256:3904729f319be58d4b04e96a845d49ada8229e9582389060ebbfb8308ec5751d,ROST,,726,6,730,0.04
0.03,0.04,,,,CASCADE_DESCENDANT,,,,,US,sha256:74a49d290d14212d7450e391fc57430fe42f87e31e215eb34fc4b1537ee36fc9,ROST,,741,7,756,0.04
0.03,0.04,,,,CASCADE_DESCENDANT,,,,,US,sha256:b9bb9855f460b960762ae51d1b73756a7d2de1fbaa7320a8e531403c585ec5d2,ROST,,941,8,948,0.04
0.03,0.04,,,,CASCADE_DESCENDANT,,,,,US,sha256:94be10896a2ce84482bc1f88ef8a151c01dad2e9a35a3b4e0039ef972a9408ea,ROST,,1113,9,1115,0.04
0.03,0.04,,,,CASCADE_DESCENDANT,,,,,US,sha256:2050283100b426ceb6ad313b762d64577a94b63b3e23b6be870ffb9848dcad84,ROST,,1165,10,1180,0.04
0.03,0.04,,,,CASCADE_DESCENDANT,,,,,US,sha256:8a9a1584ddc088136651d192a2e8856ccfa5893e0afabb1536cbcf9aa9d0c5d5,ROST,,1593,12,1633,0.04
0.04,0.05,0.0,0,0.0,SAME_ROOT_SAME_TERMINAL,214,1,222,0.04,US,sha256:3a32f738402363350958887d83303000366382604f2bb86e52c8459bf989a0c1,ROST,0,214,1,222,0.05
0.04,0.05,0.0,0,0.0,SAME_ROOT_SAME_TERMINAL,320,2,331,0.04,US,sha256:d5440ba471b5577a687b6cc1efe99c7b0f6e317bfb3f196821dadb73eee797ed,ROST,0,320,2,331,0.05
0.04,0.05,0.0,0,0.0,SAME_ROOT_SAME_TERMINAL,455,3,464,0.04,US,sha256:90adf90b752aa89468128408f193c88c035594b3474b7e4d5c856d200889939e,ROST,0,455,3,464,0.05
0.04,0.05,0.0,0,0.0,SAME_ROOT_SAME_TERMINAL,573,4,573,0.04,US,sha256:999a3632a9eff245983c22a6207f137f12992ce464826009bff01d4b0982dc38,ROST,0,573,4,573,0.05
0.04,0.05,0.0,0,0.0,SAME_ROOT_SAME_TERMINAL,663,5,672,0.04,US,sha256:7245481592d95ad853e8d145ffe88f0c2d7cd3c0635114838d5233d43d4171b2,ROST,0,663,6,672,0.05
0.04,0.05,0.0,0,0.0,SAME_ROOT_SAME_TERMINAL,726,6,730,0.04,US,sha256:3904729f319be58d4b04e96a845d49ada8229e9582389060ebbfb8308ec5751d,ROST,0,726,7,730,0.05
0.04,0.05,0.0,0,0.0,SAME_ROOT_SAME_TERMINAL,741,7,756,0.04,US,sha256:74a49d290d14212d7450e391fc57430fe42f87e31e215eb34fc4b1537ee36fc9,ROST,0,741,8,756,0.05
0.04,0.05,0.0,0,0.0,SAME_ROOT_SAME_TERMINAL,941,8,948,0.04,US,sha256:b9bb9855f460b960762ae51d1b73756a7d2de1fbaa7320a8e531403c585ec5d2,ROST,0,941,9,948,0.05
0.04,0.05,0.0,0,0.0,SAME_ROOT_SAME_TERMINAL,1113,9,1115,0.04,US,sha256:94be10896a2ce84482bc1f88ef8a151c01dad2e9a35a3b4e0039ef972a9408ea,ROST,0,1113,11,1115,0.05
0.04,0.05,,,,CASCADE_DESCENDANT,1165,10,1180,0.04,US,sha256:2050283100b426ceb6ad313b762d64577a94b63b3e23b6be870ffb9848dcad84,ROST,,,,,
0.04,0.05,0.0,0,0.0,SAME_ROOT_SAME_TERMINAL,1540,11,1545,0.04,US,sha256:319fd503b01cf5252603888ec931bdd3346bab79ac03c37c8e0942a86b6b528a,ROST,0,1540,14,1545,0.05
0.04,0.05,0.0,0,0.0,SAME_ROOT_SAME_TERMINAL,1593,12,1633,0.04,US,sha256:8a9a1584ddc088136651d192a2e8856ccfa5893e0afabb1536cbcf9aa9d0c5d5,ROST,0,1593,15,1633,0.05
0.04,0.05,0.0,0,0.0,SAME_ROOT_SAME_TERMINAL,1963,13,1964,0.04,US,sha256:f5977db1bacc7dcf904dc953c9be653ac9f3052cc5741f8f7b7a13ccd9780e96,ROST,0,1963,16,1964,0.05
0.04,0.05,0.0,0,0.0,SAME_ROOT_SAME_TERMINAL,2204,14,2206,0.04,US,sha256:5fb80c2ef53b2bc3259b027c7eb2a59bb25d9d33df23041b75b5b6595b89290f,ROST,0,2204,17,2206,0.05
0.04,0.05,,,,ADDED_LIFECYCLE,,,,,US,sha256:b93b29d1237480e7312e348ca978c8ce1a446a88466933e21e3d6a0e95044de9,ROST,,603,5,606,0.05
0.04,0.05,,,,CASCADE_DESCENDANT,,,,,US,sha256:29910d64f23193c7a9025998d95bb4581360e83201008bbd5a2b9599419b2005,ROST,,969,10,970,0.05
0.04,0.05,,,,CASCADE_DESCENDANT,,,,,US,sha256:2f9050f8bfe9240170bec94d4500b0ffb8a05c7ad207a3d8938ffa82f0d2bea7,ROST,,1140,12,1178,0.05
0.04,0.05,,,,CASCADE_DESCENDANT,,,,,US,sha256:e142b55e805e510a774bb3b1e30c193a63460feba90218758d88bc23d3dc7271,ROST,,1455,13,1475,0.05
0.03,0.04,0.0,0,0.0,SAME_ROOT_SAME_TERMINAL,118,1,121,0.03,US,sha256:06281251da1a71e7ab235ae887adbeed34e6b8f3a54b98b6c2f2dafbfb12ee5b,STX,0,118,1,121,0.04
0.03,0.04,0.0,0,0.0,SAME_ROOT_SAME_TERMINAL,603,2,605,0.03,US,sha256:b17fc5128dd486dccde3d921f1321d1e655dbdb01dd2dd428e4a8339f0d3f75b,STX,0,603,4,605,0.04
0.03,0.04,0.0,0,0.0,SAME_ROOT_SAME_TERMINAL,1062,3,1067,0.03,US,sha256:b1600b8ac838d0500a03d394a33787da11cf91196bb30f7f08e646a6f327a92b,STX,0,1062,5,1067,0.04
0.03,0.04,,,,ADDED_LIFECYCLE,,,,,US,sha256:63b61cdadc87fe1c8ca1b4b087a5094d4ccc04735fc5db56e37a3ea70c28bacb,STX,,379,2,396,0.04
0.03,0.04,,,,CASCADE_DESCENDANT,,,,,US,sha256:4e1741a225d91ad66591358199a1dcfdc8d6acd147c987859661b2df2f42aa90,STX,,431,3,432,0.04
0.03,0.04,,,,CASCADE_DESCENDANT,,,,,US,sha256:aa2dc37ce7a60725bc6d3e029690fb492b85165c626ba8048ad816cdacd82a38,STX,,1671,6,1671,0.04
0.04,0.05,0.0,0,0.0,SAME_ROOT_SAME_TERMINAL,118,1,121,0.04,US,sha256:06281251da1a71e7ab235ae887adbeed34e6b8f3a54b98b6c2f2dafbfb12ee5b,STX,0,118,1,121,0.05
0.04,0.05,0.0,0,0.0,SAME_ROOT_SAME_TERMINAL,379,2,396,0.04,US,sha256:63b61cdadc87fe1c8ca1b4b087a5094d4ccc04735fc5db56e37a3ea70c28bacb,STX,0,379,3,396,0.05
0.04,0.05,0.0,0,0.0,SAME_ROOT_SAME_TERMINAL,431,3,432,0.04,US,sha256:4e1741a225d91ad66591358199a1dcfdc8d6acd147c987859661b2df2f42aa90,STX,0,431,4,432,0.05
0.04,0.05,,,,CASCADE_DESCENDANT,603,4,605,0.04,US,sha256:b17fc5128dd486dccde3d921f1321d1e655dbdb01dd2dd428e4a8339f0d3f75b,STX,,,,,
0.04,0.05,0.0,0,0.0,SAME_ROOT_SAME_TERMINAL,1062,5,1067,0.04,US,sha256:b1600b8ac838d0500a03d394a33787da11cf91196bb30f7f08e646a6f327a92b,STX,0,1062,6,1067,0.05
0.04,0.05,,,,CASCADE_DESCENDANT,1671,6,1671,0.04,US,sha256:aa2dc37ce7a60725bc6d3e029690fb492b85165c626ba8048ad816cdacd82a38,STX,,,,,
0.04,0.05,,,,ADDED_LIFECYCLE,,,,,US,sha256:cbf6f287694ca7192544fd7c41353ed56a7cce6e12f3bdc7541fcc98b92df5d4,STX,,338,2,359,0.05
0.04,0.05,,,,CASCADE_DESCENDANT,,,,,US,sha256:6fde00895d22058d54518a5928a785232fd727ad931543b25f15481e76ba9828,STX,,589,5,601,0.05
0.04,0.05,,,,CASCADE_DESCENDANT,,,,,US,sha256:dce32b04ec00787df995b44a362de22c7c07f6edeff4356ca70d71f464f32a3a,STX,,1486,7,1516,0.05
0.04,0.05,,,,CASCADE_DESCENDANT,,,,,US,sha256:517dd671a1e01faa2f569729eb0188a42a85bae7f6beffdce9377ed93f1fb1e5,STX,,1664,8,1664,0.05
0.04,0.05,,,,CASCADE_DESCENDANT,,,,,US,sha256:e9bd13c87481c1e725bb0708c23227ab7cc213f84539cf29827fd511cf1b200f,STX,,2165,9,2167,0.05
0.03,0.04,,,,CASCADE_DESCENDANT,714,1,714,0.03,US,sha256:b334cdbe5cbb89ccc9b746f0ebdfe0da1cd8b5e962f8a02ab0fd06a7b2c9b32a,TSLA,,,,,
0.03,0.04,0.0,0,0.0,SAME_ROOT_SAME_TERMINAL,1157,2,1157,0.03,US,sha256:5f169495388491ce2d664e50281aa7f6ad4444a903f5ada0994eca5f6b6d3490,TSLA,0,1157,4,1157,0.04
0.03,0.04,0.0,0,0.0,SAME_ROOT_SAME_TERMINAL,1841,3,1841,0.03,US,sha256:b8b9fb45db44e485cf35d6b4b15b6011c8fd10768b57b4bb5291fa3ae2d043e5,TSLA,0,1841,5,1841,0.04
0.03,0.04,,,,ADDED_LIFECYCLE,,,,,US,sha256:d7b354b710828e5c3258e6276bd5544a73eefd461dd3345c98f6091b9d24bd65,TSLA,,697,1,699,0.04
0.03,0.04,,,,CASCADE_DESCENDANT,,,,,US,sha256:beecf77066e2809caef276920ce791dc0062938a33a2aa2c6cae3fa92388a279,TSLA,,868,2,868,0.04
0.03,0.04,,,,CASCADE_DESCENDANT,,,,,US,sha256:2b047c1b2de53b77f7844e1e00723f6c3ec67d5f47782449b1caf58b838200ae,TSLA,,895,3,895,0.04
0.04,0.05,0.0,0,0.0,SAME_ROOT_SAME_TERMINAL,697,1,699,0.04,US,sha256:d7b354b710828e5c3258e6276bd5544a73eefd461dd3345c98f6091b9d24bd65,TSLA,0,697,2,699,0.05
0.04,0.05,0.0,0,0.0,SAME_ROOT_SAME_TERMINAL,868,2,868,0.04,US,sha256:beecf77066e2809caef276920ce791dc0062938a33a2aa2c6cae3fa92388a279,TSLA,0,868,3,868,0.05
0.04,0.05,0.0,0,0.0,SAME_ROOT_SAME_TERMINAL,895,3,895,0.04,US,sha256:2b047c1b2de53b77f7844e1e00723f6c3ec67d5f47782449b1caf58b838200ae,TSLA,0,895,4,895,0.05
0.04,0.05,0.0,0,0.0,SAME_ROOT_SAME_TERMINAL,1157,4,1157,0.04,US,sha256:5f169495388491ce2d664e50281aa7f6ad4444a903f5ada0994eca5f6b6d3490,TSLA,0,1157,5,1157,0.05
0.04,0.05,0.0,0,0.0,SAME_ROOT_SAME_TERMINAL,1841,5,1841,0.04,US,sha256:b8b9fb45db44e485cf35d6b4b15b6011c8fd10768b57b4bb5291fa3ae2d043e5,TSLA,0,1841,8,1841,0.05
0.04,0.05,,,,ADDED_LIFECYCLE,,,,,US,sha256:8852ab07b0c05bb82d2fe8bcbd835f0fe64efecab889fdbca5390a2541a105a3,TSLA,,117,1,117,0.05
0.04,0.05,,,,CASCADE_DESCENDANT,,,,,US,sha256:df93de67d05dbc4e15b24cf23efcae259ba377358a241f462d8f4b96d48e5c01,TSLA,,1389,6,1396,0.05
0.04,0.05,,,,CASCADE_DESCENDANT,,,,,US,sha256:5202e81ecaf5fcc6d69fb12a2af1db0218374a918066b5c95cff20739891a67f,TSLA,,1444,7,1446,0.05
0.03,0.04,0.0,0,0.0,SAME_ROOT_SAME_TERMINAL,885,1,893,0.03,US,sha256:1d7c8b2df04fbf63c8e7a74a468b45e9b4bce51841fc53bb188ac9a76a3d37f7,YOU,0,885,1,893,0.04
0.03,0.04,,,,ADDED_LIFECYCLE,,,,,US,sha256:6e64e3b21d0f177595c87d7a5ffe91674b2c381f77416eb0b5c12559d3b88d0b,YOU,,992,2,999,0.04
0.04,0.05,0.0,0,0.0,SAME_ROOT_SAME_TERMINAL,885,1,893,0.04,US,sha256:1d7c8b2df04fbf63c8e7a74a468b45e9b4bce51841fc53bb188ac9a76a3d37f7,YOU,0,885,2,893,0.05
0.04,0.05,0.0,0,0.0,SAME_ROOT_SAME_TERMINAL,992,2,999,0.04,US,sha256:6e64e3b21d0f177595c87d7a5ffe91674b2c381f77416eb0b5c12559d3b88d0b,YOU,0,992,3,999,0.05
0.04,0.05,,,,ADDED_LIFECYCLE,,,,,US,sha256:731b66a619abcc942f8d6835d7f103a9515b4c74321b73b8c9101b4f29f81d35,YOU,,359,1,359,0.05
0.04,0.05,,,,CASCADE_DESCENDANT,,,,,US,sha256:a0e9f509ae12cf0f85c7b196be270d1baa6b4eaf8fff2da087bba3de7ebae5e9,YOU,,1275,4,1283,0.05
